Kostensatz (bp),Strategie,CAGR (%),Vola (%),Sharpe,Max. DD (%)
0,Markowitz MVO,23.340557203072553,20.998515129691146,0.9141883538620604,-34.1874515476699
0,Random Forest,22.55493306896692,19.031098223361965,0.9542581736967126,-33.73411441530736
0,Equal Weight,20.073484592695866,17.55775053703231,0.9024218094795959,-33.2460213856983
0,Risk Parity,16.962789205994255,16.446041178671564,0.7921819592146281,-32.43895526340289
5,Markowitz MVO,23.2386504636368,20.997932306077598,0.9102686584912192,-34.234805048132806
5,Random Forest,22.33778595979834,19.029345837820152,0.9450022738265768,-33.75361024793861
5,Equal Weight,20.05253611396953,17.557274550304992,0.9014471142207532,-33.24674447277915
5,Risk Parity,16.942925221916028,16.445562218241992,0.7911669166940706,-32.43956421933788
10,Markowitz MVO,23.136817348972926,20.997389438382097,0.9063470208319303,-34.2821289557286
10,Random Forest,22.120989815020664,19.027733124862515,0.9357378002643815,-33.77310321444462
10,Equal Weight,20.031588173689443,17.556813691669028,0.9004715902060053,-33.247467559860006
10,Risk Parity,16.923061585188528,16.445099353159407,0.7901510417006468,-32.44017317527294
15,Markowitz MVO,23.035057811362904,20.996886529703783,0.9024234629883257,-34.32942328624119
15,Random Forest,21.904544120529867,19.026260120006032,0.9264649531331633,-33.792593314825396
15,Equal Weight,20.010640769942324,17.55636796231575,0.8994952398308379,-33.2481906469409
15,Risk Parity,16.9031982939472,16.444652584782908,0.789134337081733,-32.44078213120798
20,Markowitz MVO,22.933371803114987,20.996423582913973,0.8984980071007305,-34.376688055447886
20,Random Forest,21.688448362897606,19.02492685570141,0.9171839332068565,-33.81208054908105
20,Equal Weight,19.989693900812778,17.55593736339752,0.8985180654975168,-33.248913734021734
20,Risk Parity,16.88333534632531,16.444221914424467,0.7881168056924861,-32.441391087142996
25,Markowitz MVO,22.831759276564,20.99600060065605,0.89457067534504,-34.42392327911857
25,Random Forest,21.472702029371348,19.02373336132948,0.9078949418886384,-33.83156491721142
25,Equal Weight,19.96874756438267,17.555521896027688,0.8975400696150586,-33.2496368211026
25,Risk Parity,16.86347274045343,16.443807343348936,0.7870984503958055,-32.44200004307802
30,Markowitz MVO,22.730220184071094,20.99561758534542,0.8906414899320937,-34.47112897301663
30,Random Forest,21.257304607872097,19.022679663198,0.8985981811891413,-33.851046419216686
30,Equal Weight,19.947801758731387,17.555121561280583,0.8965612545992037,-33.250359908183476
30,Risk Parity,16.843610474459723,16.443408872774,0.786079274062292,-32.44260899901303
35,Markowitz MVO,22.628754478023883,20.995274539169433,0.8867104731070474,-34.51830515289776
35,Random Forest,21.04225558699524,19.02176578453872,0.88929385370454,-33.87052505509671
35,Equal Weight,19.92685648193586,17.554736360191505,0.8955816228723816,-33.25108299526433
35,Risk Parity,16.82374854646993,16.443026503870165,0.7850592795702092,-32.443217954948075
40,Markowitz MVO,22.527362110836346,20.994971464087296,0.8827776471487458,-34.5654518345112
40,Random Forest,20.827554456008745,19.02099174550486,0.8799821625945162,-33.89000082485151
40,Equal Weight,19.90591173207057,17.554366293756697,0.894601176863687,-33.2518060823452
40,Risk Parity,16.803886954607282,16.442660237760748,0.7840384698054401,-32.44382691088308
45,Markowitz MVO,22.426043034948997,20.99470836183006,0.8788430343690887,-34.61256903359894
45,Random Forest,20.613200704852307,19.02035756316886,0.8706633115601115,-33.909473728481196
45,Equal Weight,19.884967507207453,17.55401136293335,0.8936199190088453,-33.252529169426055
45,Risk Parity,16.784025696992487,16.442310075521863,0.7830168476614492,-32.444435866818154
50,Markowitz MVO,22.32479720282834,20.99448523390054,0.8749066571124006,-34.65965676589589
50,Random Forest,20.399193824137306,19.019863251520515,0.8613375048214684,-33.928943765985565
50,Equal Weight,19.86402380541592,17.55367156863958,0.8926378517501841,-33.25325225650694
50,Risk Parity,16.76416477174385,16.44197601818239,0.7819944160392409,-32.44504482275315
55,Markowitz MVO,22.223624566967516,20.994302081573274,0.8709685377547958,-34.70671504713028
55,Random Forest,20.185533305145633,19.01950882146543,0.8520049470954674,-33.94841093736483
55,Equal Weight,19.843080624762987,17.55334691175441,0.8916549775366035,-33.25397534358781
55,Risk Parity,16.744304176977188,16.44165806672398,0.7809711778473171,-32.445653778688204
60,Markowitz MVO,22.122525079886035,20.9941589058945,0.8670286987035428,-34.75374389302288
60,Random Forest,19.97221863982841,19.019294280823793,0.8426658435732693,-33.96787524261883
60,Equal Weight,19.82213796331278,17.55303739311778,0.8906712988235442,-33.25469843066866
60,Risk Parity,16.724443910805785,16.441356222081016,0.7799471360016377,-32.44626273462326
65,Markowitz MVO,22.021498694129548,20.99405570768213,0.8630871623964264,-34.800743319287726
65,Random Forest,19.75924932080617,19.019219634329556,0.8333203998977606,-33.987336681747664
65,Equal Weight,19.801195819127425,17.552743013530513,0.8896868180729589,-33.255421517749525
65,Risk Parity,16.704583971340426,16.44107048514063,0.7789222934255777,-32.44687169055827
70,Markowitz MVO,21.920545362270126,20.993992487525688,0.8591439513011099,-34.84771334163192
70,Random Forest,19.546624841367265,19.01928488362988,0.8239688221409169,-34.0067952547513
70,Equal Weight,19.7802541902661,17.552463773754326,0.888701537753279,-33.25614460483036
70,Risk Parity,16.68472435668933,16.44080085674267,0.7778966530498873,-32.44748064649331
75,Markowitz MVO,21.819665036906088,20.993969245786353,0.855199087914493,-34.89465397575543
75,Random Forest,19.334344695467507,19.01949002728496,0.8146113167810825,-34.026250961629735
75,Equal Weight,19.759313074785755,17.552199674511794,0.8877154603393861,-33.25686769191123
75,Risk Parity,16.664865064958434,16.440547337679664,0.7768702178126489,-32.44808960242834
80,Markowitz MVO,21.718857670662082,20.99398598259689,0.8512525947620718,-34.94156523735122
80,Random Forest,19.12240837772934,19.019835060768187,0.805248090680177,-34.045703802382945
80,Equal Weight,19.73837247074044,17.551950716486363,0.8867285883125796,-33.25759077899208
80,Risk Parity,16.645006094250814,16.440309928696887,0.7758429906592342,-32.44869855836338
85,Markowitz MVO,21.618123216188945,20.994042697861694,0.8473044943972955,-34.98844714210531
85,Random Forest,18.910815383440926,19.020319976466652,0.7958793510608332,-34.065153777010956
85,Equal Weight,19.717432376181996,17.55171690032234,0.8857409241605465,-33.25831386607294
85,Risk Parity,16.625147442667366,16.440088630492244,0.7748149745422643,-32.449307514298404
90,Markowitz MVO,21.517461626163815,20.99413939125675,0.8433548094009207,-35.035299705696715
90,Random Forest,18.69956520855545,19.020944763681978,0.7865053054834694,-34.084600885513815
90,Equal Weight,19.696492789159414,17.55149822662487,0.8847524703773291,-33.25903695315386
90,Risk Parity,16.605289108306344,16.439883443716358,0.7737861724215652,-32.44991647023344
95,Markowitz MVO,21.41687285329006,20.994276062229684,0.8394035623803671,-35.08212294379746
95,Random Forest,18.488657349690364,19.0217094086315,0.7771261618233076,-34.10404512789143
95,Equal Weight,19.675553707719583,17.55129469595993,0.8837632294632939,-33.25976004023468
95,Risk Parity,16.585431089263338,16.43969436897249,0.772756587264127,-32.450525426168454
100,Markowitz MVO,21.316356850297268,20.99445270999975,0.8354507759690697,-35.12891687207277
100,Random Forest,18.278091304126498,19.02261389444979,0.76774212824734,-34.123486504143806
100,Equal Weight,19.65461512990636,17.551106308854347,0.8827732039251004,-33.26048312731559
100,Risk Parity,16.565573383631538,16.439521406816556,0.77172622204406,-32.4511343821035
