Date,Markowitz MVO,Random Forest,Equal Weight
2015-02-02,0.012685,0.013280,0.014093
2015-02-03,0.010725,0.013128,0.014967
2015-02-04,-0.001395,-0.003959,-0.003613
2015-02-05,0.011512,0.010517,0.010890
2015-02-06,-0.008846,-0.000934,-0.001809
2015-02-09,-0.004919,-0.002636,-0.001863
2015-02-10,0.013034,0.008158,0.009456
2015-02-11,0.004064,0.001488,0.001164
2015-02-12,0.007204,0.004296,0.010112
2015-02-13,0.005571,0.004767,0.003182
2015-02-17,0.002130,0.000456,0.001294
2015-02-18,0.001016,0.000050,-0.002914
2015-02-19,0.000815,-0.000775,-0.002975
2015-02-20,0.008484,0.003299,0.006546
2015-02-23,0.008749,-0.001030,0.000993
2015-02-24,0.000171,0.004901,0.003616
2015-02-25,-0.005587,-0.000445,-0.001724
2015-02-26,0.002737,0.001014,0.000090
2015-02-27,-0.005318,-0.000980,-0.002659
2015-03-02,0.009945,0.004424,0.006290
2015-03-03,-0.008942,-0.004002,-0.005447
2015-03-04,-0.001952,-0.007061,-0.004895
2015-03-05,0.003639,0.000531,0.001211
2015-03-06,-0.014522,-0.018428,-0.016477
2015-03-09,0.009412,0.002691,0.005013
2015-03-10,-0.013946,-0.015181,-0.014935
2015-03-11,-0.005837,-0.000697,-0.001974
2015-03-12,0.009747,0.014387,0.011802
2015-03-13,-0.003171,-0.005759,-0.004841
2015-03-16,0.016538,0.011359,0.013061
2015-03-17,-0.001019,-0.002759,-0.003506
2015-03-18,0.012188,0.012598,0.012908
2015-03-19,0.000285,-0.006927,-0.006312
2015-03-20,0.004631,0.009931,0.008086
2015-03-23,-0.003618,0.001352,-0.001671
2015-03-24,-0.006492,-0.005345,-0.006719
2015-03-25,-0.025338,-0.014900,-0.017661
2015-03-26,-0.000754,-0.004383,-0.002845
2015-03-27,0.005571,-0.001081,0.001190
2015-03-30,0.015423,0.013776,0.015240
2015-03-31,-0.013935,-0.007272,-0.011101
2015-04-01,-0.005937,0.000195,-0.000580
2015-04-02,0.002112,0.004481,0.003074
2015-04-06,0.010633,0.012730,0.010011
2015-04-07,-0.000243,0.000084,-0.002259
2015-04-08,0.001247,0.001897,-0.000027
2015-04-09,0.008230,0.006856,0.003931
2015-04-10,0.005391,0.004652,0.005512
2015-04-13,-0.006462,-0.005538,-0.003741
2015-04-14,-0.001158,-0.001416,0.003225
2015-04-15,0.000232,0.007118,0.006303
2015-04-16,0.004022,-0.003342,0.000326
2015-04-17,-0.014436,-0.010662,-0.011449
2015-04-20,0.008681,0.010294,0.008727
2015-04-21,-0.002666,-0.004618,-0.004256
2015-04-22,0.003799,0.007560,0.005175
2015-04-23,0.003584,0.002748,0.001298
2015-04-24,0.009694,0.011407,0.005693
2015-04-27,-0.000996,0.004442,0.000149
2015-04-28,0.003483,0.003395,0.003601
2015-04-29,-0.013613,-0.002426,-0.004495
2015-04-30,-0.012942,-0.008472,-0.009950
2015-05-01,0.014533,0.013431,0.010612
2015-05-04,0.000289,0.001347,0.001698
2015-05-05,-0.014185,-0.015325,-0.011022
2015-05-06,-0.006942,-0.001620,-0.004665
2015-05-07,0.007978,0.008871,0.004939
2015-05-08,0.003661,-0.005979,0.006486
2015-05-11,-0.005671,-0.006816,-0.004595
2015-05-12,-0.001223,-0.000558,-0.002883
2015-05-13,0.007420,0.003506,0.003080
2015-05-14,0.019323,0.014517,0.013153
2015-05-15,0.001123,0.002836,0.002300
2015-05-18,0.003002,0.000868,0.000404
2015-05-19,0.000258,-0.000292,-0.000365
2015-05-20,0.001046,0.001851,0.000781
2015-05-21,-0.002135,-0.002477,0.000138
2015-05-22,-0.005266,-0.003038,-0.002827
2015-05-26,-0.009878,-0.009056,-0.008868
2015-05-27,0.016595,0.016913,0.010104
2015-05-28,0.001635,0.002384,-0.000430
2015-05-29,-0.007104,-0.005473,-0.006823
2015-06-01,0.001558,0.003215,0.002719
2015-06-02,-0.006510,-0.002658,-0.003127
2015-06-03,0.000782,-0.002018,0.001023
2015-06-04,-0.007426,-0.005150,-0.006355
2015-06-05,-0.002095,-0.003605,-0.001350
2015-06-08,-0.006376,-0.002599,-0.002750
2015-06-09,0.001102,0.001214,0.001112
2015-06-10,0.008990,0.005906,0.009297
2015-06-11,0.003443,0.002724,0.002560
2015-06-12,-0.012380,-0.010958,-0.009007
2015-06-15,-0.002726,-0.005534,-0.005772
2015-06-16,0.010563,0.007188,0.008227
2015-06-17,-0.000667,0.003904,0.002033
2015-06-18,0.012551,0.009303,0.010072
2015-06-19,-0.006027,-0.005441,-0.006071
2015-06-22,0.001484,0.001670,0.003204
2015-06-23,-0.002232,-0.004811,-0.001350
2015-06-24,-0.008799,-0.004963,-0.007704
2015-06-25,0.003565,-0.004111,-0.002440
2015-06-26,-0.001474,-0.001445,-0.000888
2015-06-29,-0.019425,-0.019921,-0.019786
2015-06-30,0.001387,-0.000574,0.000782
2015-07-01,0.009642,0.007088,0.007135
2015-07-02,-0.003964,0.001754,-0.000540
2015-07-06,-0.001702,-0.005067,-0.004054
2015-07-07,-0.002153,0.002711,0.003722
2015-07-08,-0.014859,-0.010670,-0.013781
2015-07-09,0.000185,-0.005445,-0.001345
2015-07-10,0.015419,0.012177,0.012176
2015-07-13,0.011415,0.012462,0.010564
2015-07-14,0.004744,0.003377,0.005894
2015-07-15,0.003735,0.000744,0.000754
2015-07-16,0.005180,0.013042,0.005616
2015-07-17,0.000689,-0.001677,-0.001976
2015-07-20,0.002662,0.002995,0.000066
2015-07-21,-0.005257,-0.002326,-0.004006
2015-07-22,-0.013501,-0.023171,-0.009520
2015-07-23,-0.001140,-0.002464,-0.004130
2015-07-24,-0.010246,-0.006704,-0.010261
2015-07-27,-0.008937,-0.007602,-0.007362
2015-07-28,0.014723,0.009863,0.014258
2015-07-29,0.007511,0.008371,0.006643
2015-07-30,-0.000556,0.002818,-0.003206
2015-07-31,-0.001038,-0.000722,-0.003620
2015-08-03,-0.003577,-0.005040,-0.002720
2015-08-04,-0.001705,-0.008494,-0.003168
2015-08-05,0.010212,0.004686,0.005031
2015-08-06,-0.009841,-0.000593,-0.003003
2015-08-07,0.004250,0.007829,0.004878
2015-08-10,0.015042,0.020272,0.016551
2015-08-11,-0.015964,-0.011083,-0.011480
2015-08-12,0.000013,0.004737,0.001577
2015-08-13,-0.001796,-0.005841,-0.002919
2015-08-14,0.004738,0.001967,0.003108
2015-08-17,0.009338,0.004378,0.004897
2015-08-18,0.002574,-0.001009,-0.000913
2015-08-19,-0.010688,-0.010297,-0.010020
2015-08-20,-0.020578,-0.015467,-0.016992
2015-08-21,-0.039692,-0.030443,-0.033472
2015-08-24,-0.037471,-0.036359,-0.038852
2015-08-25,-0.013860,-0.013673,-0.014933
2015-08-26,0.046026,0.039691,0.039633
2015-08-27,0.025322,0.024013,0.023736
2015-08-28,-0.002471,0.000085,0.000238
2015-08-31,-0.009384,-0.005424,-0.005705
2015-09-01,-0.033083,-0.032181,-0.031599
2015-09-02,0.023486,0.017264,0.017698
2015-09-03,-0.001145,0.000376,0.000567
2015-09-04,-0.017856,-0.016871,-0.018901
2015-09-08,0.032679,0.026173,0.024947
2015-09-09,-0.014292,-0.012467,-0.014324
2015-09-10,0.010555,0.009248,0.006382
2015-09-11,0.006128,0.005887,0.003927
2015-09-14,-0.001945,-0.001858,-0.001950
2015-09-15,0.013998,0.014828,0.014856
2015-09-16,0.005970,0.008875,0.008694
2015-09-17,0.002982,-0.000531,-0.003776
2015-09-18,-0.012392,-0.008605,-0.015321
2015-09-21,0.006293,0.009270,0.007774
2015-09-22,-0.011768,-0.013162,-0.011546
2015-09-23,-0.001648,-0.003286,-0.004362
2015-09-24,-0.002739,0.002513,-0.004490
2015-09-25,-0.010166,-0.000937,0.001926
2015-09-28,-0.015796,-0.018727,-0.016470
2015-09-29,0.009758,0.004350,0.004951
2015-09-30,0.019015,0.010721,0.013267
2015-10-01,-0.002274,-0.003176,-0.001919
2015-10-02,0.017868,0.014628,0.013200
2015-10-05,0.015446,0.024374,0.019337
2015-10-06,-0.005892,-0.001073,0.000574
2015-10-07,0.007991,0.005212,0.006994
2015-10-08,0.005038,0.005409,0.006623
2015-10-09,0.005535,0.003437,0.001210
2015-10-12,0.008612,0.004736,0.002901
2015-10-13,-0.001293,0.001015,-0.002687
2015-10-14,-0.002073,-0.000885,-0.003127
2015-10-15,0.005411,0.006513,0.010511
2015-10-16,0.004142,-0.001558,0.002287
2015-10-19,0.001316,0.000879,0.000115
2015-10-20,0.001924,0.004682,0.004208
2015-10-21,-0.007811,-0.014180,-0.008049
2015-10-22,0.013578,0.012607,0.018965
2015-10-23,0.026744,0.012324,0.015506
2015-10-26,0.001583,-0.003593,-0.002228
2015-10-27,0.002394,-0.001429,-0.002408
2015-10-28,0.008035,0.014283,0.011583
2015-10-29,-0.007819,0.001201,-0.001284
2015-10-30,-0.001476,-0.004578,-0.003622
2015-11-02,0.010383,0.010189,0.011742
2015-11-03,-0.000240,-0.000705,0.002375
2015-11-04,-0.008297,-0.010779,-0.004663
2015-11-05,0.001202,0.001004,-0.000008
2015-11-06,0.025287,0.019998,0.008578
2015-11-09,-0.008782,-0.011405,-0.012233
2015-11-10,-0.004496,-0.001534,-0.001297
2015-11-11,-0.002101,-0.005488,-0.001443
2015-11-12,-0.010117,-0.016302,-0.015207
2015-11-13,-0.012037,-0.002932,-0.007035
2015-11-16,0.017983,0.017385,0.017874
2015-11-17,-0.000453,-0.006267,-0.005460
2015-11-18,0.019620,0.020033,0.016748
2015-11-19,-0.009001,-0.007888,-0.000727
2015-11-20,0.009338,0.007139,0.002419
2015-11-23,-0.006052,-0.004067,-0.003705
2015-11-24,0.000828,0.006194,0.003056
2015-11-25,-0.000120,0.000640,-0.001994
2015-11-27,0.003720,0.002246,0.003166
2015-11-30,-0.001362,-0.000604,-0.002245
2015-12-01,0.017890,0.015696,0.009287
2015-12-02,-0.000933,-0.003233,-0.009619
2015-12-03,-0.012624,-0.012472,-0.012541
2015-12-04,0.027833,0.026460,0.023251
2015-12-07,-0.007436,-0.010987,-0.008331
2015-12-08,-0.001472,-0.003285,-0.009857
2015-12-09,-0.012191,-0.011454,-0.007757
2015-12-10,0.005675,0.005142,0.003027
2015-12-11,-0.016344,-0.014772,-0.015806
2015-12-14,0.006048,0.004654,0.005242
2015-12-15,0.007912,0.010896,0.012556
2015-12-16,0.017694,0.010324,0.015777
2015-12-17,-0.010626,-0.011625,-0.015468
2015-12-18,-0.020025,-0.023100,-0.018649
2015-12-21,0.010959,0.013092,0.008892
2015-12-22,0.006633,0.004769,0.009578
2015-12-23,0.007870,0.011043,0.012562
2015-12-24,-0.000720,-0.002034,-0.002759
2015-12-28,-0.001141,-0.001512,-0.002487
2015-12-29,0.011726,0.011191,0.010076
2015-12-30,-0.006460,-0.007816,-0.007735
2015-12-31,-0.011977,-0.012103,-0.010471
2016-01-04,-0.014490,-0.012556,-0.012676
2016-01-05,0.006941,0.001000,0.001958
2016-01-06,-0.017452,-0.019275,-0.014016
2016-01-07,-0.029468,-0.032698,-0.026458
2016-01-08,-0.010968,-0.004537,-0.009571
2016-01-11,-0.002059,0.004106,-0.000408
2016-01-12,0.012888,0.010415,0.007809
2016-01-13,-0.022749,-0.020927,-0.018064
2016-01-14,0.011490,0.007270,0.012923
2016-01-15,-0.028926,-0.032365,-0.023485
2016-01-19,0.007063,0.001930,0.004348
2016-01-20,0.000016,-0.005534,-0.010953
2016-01-21,-0.000067,0.000986,0.003831
2016-01-22,0.017358,0.027360,0.022018
2016-01-25,-0.007285,-0.010586,-0.015778
2016-01-26,0.018287,0.014902,0.020850
2016-01-27,-0.010184,-0.020309,-0.010068
2016-01-28,0.001644,0.002480,0.007959
2016-01-29,0.041241,0.033271,0.028022
2016-02-01,-0.000739,0.000886,-0.002212
2016-02-02,-0.024460,-0.022262,-0.023485
2016-02-03,0.000475,0.004625,0.014356
2016-02-04,0.002358,-0.000987,0.008654
2016-02-05,-0.033116,-0.026856,-0.012732
2016-02-08,-0.012596,-0.015187,-0.012739
2016-02-09,0.004396,0.000786,0.001175
2016-02-10,0.002878,-0.001750,-0.005842
2016-02-11,-0.006793,-0.009089,-0.015814
2016-02-12,0.011571,0.012622,0.020416
2016-02-16,0.023550,0.019011,0.017153
2016-02-17,0.017998,0.012196,0.013014
2016-02-18,0.016967,0.021452,0.002474
2016-02-19,0.003454,0.001162,-0.001097
2016-02-22,0.016018,0.013800,0.010612
2016-02-23,-0.009364,-0.008688,-0.013581
2016-02-24,0.002987,0.005688,0.002781
2016-02-25,0.009152,0.010281,0.010232
2016-02-26,-0.006412,-0.008855,-0.003791
2016-02-29,-0.009728,-0.005863,-0.008073
2016-03-01,0.030987,0.026418,0.029110
2016-03-02,0.002251,0.006977,0.004520
2016-03-03,-0.001983,-0.003701,0.005525
2016-03-04,-0.000277,0.000843,0.005270
2016-03-07,-0.006557,-0.005756,0.000064
2016-03-08,-0.003203,-0.003113,-0.008386
2016-03-09,0.006619,0.005144,0.003978
2016-03-10,-0.001314,-0.004385,-0.000930
2016-03-11,0.014970,0.008431,0.011278
2016-03-14,0.000963,-0.000335,-0.001371
2016-03-15,0.002584,0.003430,0.000869
2016-03-16,0.009961,0.010340,0.006197
2016-03-17,-0.001241,0.002311,0.008903
2016-03-18,0.007274,0.003569,0.005647
2016-03-21,0.001960,0.002170,0.000516
2016-03-22,0.003640,-0.000300,-0.000789
2016-03-23,0.006716,0.004182,-0.001398
2016-03-24,-0.002053,0.001618,0.000115
2016-03-28,-0.000390,-0.001923,0.001633
2016-03-29,0.013713,0.013077,0.009528
2016-03-30,0.005008,0.004496,0.005332
2016-03-31,-0.003458,-0.003042,-0.002450
2016-04-01,0.009307,0.010435,0.008094
2016-04-04,-0.002451,-0.005245,-0.003338
2016-04-05,-0.008884,-0.004392,-0.008995
2016-04-06,0.006818,0.004343,0.005179
2016-04-07,-0.010802,-0.013802,-0.014418
2016-04-08,-0.000757,0.002849,0.003276
2016-04-11,0.002171,0.001364,0.000676
2016-04-12,0.005436,0.007237,0.008341
2016-04-13,0.012325,0.015545,0.012918
2016-04-14,0.000925,0.004106,0.001645
2016-04-15,-0.001440,-0.000236,-0.000867
2016-04-18,0.000295,0.004019,0.003153
2016-04-19,0.002546,0.006458,0.008752
2016-04-20,0.004858,0.001577,-0.001961
2016-04-21,-0.003062,-0.007716,-0.008187
2016-04-22,-0.014894,0.001562,-0.000600
2016-04-25,0.000920,0.000155,-0.000773
2016-04-26,-0.003857,-0.004219,-0.000961
2016-04-27,-0.011501,0.008811,0.000124
2016-04-28,-0.017538,-0.011088,-0.010851
2016-04-29,-0.007300,-0.004975,-0.003289
2016-05-02,0.005879,0.008935,0.007043
2016-05-03,-0.001313,-0.005399,-0.008125
2016-05-04,-0.010093,-0.006156,-0.007377
2016-05-05,0.003594,0.000585,-0.000730
2016-05-06,0.001588,0.005714,0.004381
2016-05-09,0.000952,-0.001505,-0.003212
2016-05-10,0.012162,0.012503,0.013089
2016-05-11,-0.006999,-0.002047,-0.006669
2016-05-12,-0.006727,-0.003067,-0.001102
2016-05-13,0.023916,0.021136,0.000254
2016-05-16,0.018505,0.015715,0.012047
2016-05-17,-0.005256,-0.007336,-0.006439
2016-05-18,0.006311,0.004313,0.003312
2016-05-19,-0.003054,-0.003167,-0.006856
2016-05-20,0.009450,0.006722,0.003660
2016-05-23,-0.001280,-0.001224,-0.000583
2016-05-24,0.015936,0.016135,0.012757
2016-05-25,0.005160,0.006662,0.007989
2016-05-26,0.000438,0.000438,-0.001938
2016-05-27,0.003657,0.003783,0.004113
2016-05-31,0.001801,0.004444,-0.000215
2016-06-01,-0.000357,0.003243,0.001220
2016-06-02,0.005703,0.005280,0.002869
2016-06-03,-0.001251,0.000513,-0.000582
2016-06-06,0.005369,0.004721,0.006526
2016-06-07,-0.001138,0.002519,0.001951
2016-06-08,0.005284,0.004544,0.004761
2016-06-09,0.009574,0.008819,0.003464
2016-06-10,-0.008940,-0.004798,-0.005762
2016-06-13,-0.006004,-0.002314,-0.006728
2016-06-14,0.000730,-0.000046,-0.002779
2016-06-15,0.000124,0.000222,-0.000374
2016-06-16,0.005478,0.004454,0.005894
2016-06-17,-0.011097,-0.006523,-0.005270
2016-06-20,0.007630,0.006510,0.004929
2016-06-21,0.001006,-0.000807,0.003231
2016-06-22,-0.002049,0.002141,-0.001307
2016-06-23,0.011951,0.014832,0.013386
2016-06-24,-0.030920,-0.036912,-0.038135
2016-06-27,-0.007115,-0.013571,-0.013769
2016-06-28,0.015599,0.015133,0.016919
2016-06-29,0.011322,0.016690,0.015549
2016-06-30,0.011574,0.011520,0.013208
2016-07-01,-0.001633,-0.003382,0.000099
2016-07-05,0.004440,0.001264,-0.004253
2016-07-06,0.004845,0.003837,0.004743
2016-07-07,0.001526,0.003346,-0.001065
2016-07-08,0.013424,0.017237,0.016170
2016-07-11,0.004299,0.006018,0.003983
2016-07-12,0.003038,0.007094,0.008793
2016-07-13,0.002480,0.002623,0.003076
2016-07-14,0.004948,0.005774,0.005957
2016-07-15,-0.001735,-0.000882,0.000581
2016-07-18,0.002425,0.000419,0.001377
2016-07-19,0.008208,0.006799,0.000439
2016-07-20,0.003138,0.002386,0.004109
2016-07-21,-0.005747,-0.004546,-0.003763
2016-07-22,0.005069,0.009168,0.003679
2016-07-25,-0.002161,0.002221,-0.002600
2016-07-26,0.000790,0.004242,0.002424
2016-07-27,0.005923,-0.004785,-0.000312
2016-07-28,0.004925,0.002099,0.000768
2016-07-29,0.006221,0.006891,0.002566
2016-08-01,0.001117,-0.006626,-0.003828
2016-08-02,-0.006414,-0.000747,-0.003874
2016-08-03,0.000834,-0.001061,0.003717
2016-08-04,0.005139,0.003117,0.001421
2016-08-05,0.007979,0.003847,0.007075
2016-08-08,0.000075,0.001868,0.001421
2016-08-09,0.001679,0.001645,0.001053
2016-08-10,-0.001888,-0.003113,-0.002968
2016-08-11,0.005196,0.005898,0.004246
2016-08-12,0.010310,0.014728,0.003991
2016-08-15,-0.001980,-0.001971,0.003252
2016-08-16,-0.006910,-0.006176,-0.002879
2016-08-17,-0.002654,-0.001915,0.000169
2016-08-18,0.002338,0.004955,0.001563
2016-08-19,0.000452,-0.002813,-0.000708
2016-08-22,-0.000525,-0.000449,-0.000657
2016-08-23,0.003500,0.003005,0.002381
2016-08-24,-0.009493,-0.006205,-0.004801
2016-08-25,-0.004860,-0.003866,-0.000975
2016-08-26,-0.001372,-0.001692,-0.003455
2016-08-29,0.003746,0.005563,0.005312
2016-08-30,-0.004018,-0.004839,-0.001828
2016-08-31,-0.003551,-0.002364,-0.002189
2016-09-01,0.005195,0.005331,0.001811
2016-09-02,0.004087,0.003055,0.004260
2016-09-06,0.002055,0.004028,0.002489
2016-09-07,-0.001633,0.000758,-0.000633
2016-09-08,-0.002301,-0.001602,-0.002162
2016-09-09,-0.029066,-0.032812,-0.025282
2016-09-12,0.015746,0.017823,0.014662
2016-09-13,-0.012733,-0.015546,-0.013153
2016-09-14,0.004765,0.005735,0.003291
2016-09-15,0.016682,0.015878,0.012961
2016-09-16,0.004605,0.002386,-0.002539
2016-09-19,0.002620,0.004212,-0.000080
2016-09-20,-0.002507,-0.001911,-0.000984
2016-09-21,0.016771,0.014422,0.009902
2016-09-22,0.007858,0.008117,0.007127
2016-09-23,-0.003659,-0.006282,-0.006700
2016-09-26,-0.006501,-0.004853,-0.007428
2016-09-27,0.011612,0.010226,0.008220
2016-09-28,0.003429,0.012416,0.008774
2016-09-29,-0.009884,-0.003983,-0.008133
2016-09-30,0.007211,0.010551,0.009096
2016-10-03,-0.004450,-0.005357,-0.003912
2016-10-04,-0.004185,-0.001574,-0.004731
2016-10-05,-0.000936,0.009610,0.004243
2016-10-06,-0.004434,-0.000867,-0.000440
2016-10-07,-0.000995,0.001236,-0.006197
2016-10-10,0.007370,0.002811,0.004703
2016-10-11,-0.014243,-0.008524,-0.010011
2016-10-12,0.004062,0.003426,0.003394
2016-10-13,-0.002592,-0.007650,-0.002383
2016-10-14,0.001580,0.007954,0.002639
2016-10-17,0.000907,-0.004859,-0.001849
2016-10-18,0.014178,0.008798,0.008138
2016-10-19,-0.000659,0.001431,0.002392
2016-10-20,0.005340,0.001301,-0.001102
2016-10-21,0.002202,-0.002329,-0.000068
2016-10-24,0.013935,0.010598,0.006457
2016-10-25,0.002867,0.005484,0.000751
2016-10-26,-0.005478,-0.001348,-0.001707
2016-10-27,-0.007664,-0.009786,-0.005533
2016-10-28,-0.004514,0.000569,-0.001968
2016-10-31,0.006681,0.002513,0.001609
2016-11-01,-0.014893,-0.013641,-0.009442
2016-11-02,-0.005310,-0.007297,-0.006478
2016-11-03,-0.006712,-0.003927,-0.003500
2016-11-04,-0.003657,-0.001586,-0.003108
2016-11-07,0.029450,0.022964,0.024506
2016-11-08,0.002948,0.005793,0.004283
2016-11-09,-0.005467,0.009727,0.008639
2016-11-10,-0.012851,-0.015069,-0.003027
2016-11-11,0.051083,0.051264,0.015793
2016-11-14,-0.007969,-0.014199,0.000436
2016-11-15,0.011104,0.016425,0.009043
2016-11-16,0.016880,0.013989,0.001805
2016-11-17,0.003967,-0.000861,0.001606
2016-11-18,0.000771,0.000803,-0.001165
2016-11-21,0.002920,0.005967,0.005496
2016-11-22,0.002510,0.008636,0.004454
2016-11-23,0.000338,0.008767,0.004906
2016-11-25,0.002237,0.003642,0.002757
2016-11-28,-0.000896,-0.001599,-0.001432
2016-11-29,0.007172,-0.005087,0.003893
2016-11-30,-0.007270,-0.003757,-0.001277
2016-12-01,-0.013018,-0.011383,-0.002647
2016-12-02,0.002694,0.002466,-0.000996
2016-12-05,0.008973,0.008071,0.007012
2016-12-06,0.003310,0.006688,0.003501
2016-12-07,0.015785,0.013305,0.016710
2016-12-08,-0.003743,-0.007772,-0.000564
2016-12-09,0.002437,0.002981,0.005950
2016-12-12,0.000719,0.001881,0.000934
2016-12-13,0.009384,0.007990,0.007521
2016-12-14,0.003155,0.000538,-0.005872
2016-12-15,0.007361,0.009465,0.006626
2016-12-16,0.010676,0.002763,0.001042
2016-12-19,0.003478,0.004957,0.003183
2016-12-20,0.006638,0.009243,0.003102
2016-12-21,-0.001435,-0.001544,-0.002069
2016-12-22,0.002625,0.005455,0.000990
2016-12-23,0.006317,0.007163,0.003302
2016-12-27,0.014266,0.013065,0.005741
2016-12-28,-0.019890,-0.020178,-0.011354
2016-12-29,0.006167,0.007053,0.002203
2016-12-30,-0.010526,-0.011870,-0.005010
2017-01-03,-0.004301,-0.003167,0.003412
2017-01-04,0.007281,0.005617,0.002015
2017-01-05,-0.002789,-0.005349,-0.002851
2017-01-06,0.004295,0.004846,0.003659
2017-01-09,0.005794,0.003646,-0.002010
2017-01-10,-0.005962,-0.000692,-0.003237
2017-01-11,-0.003736,0.000228,0.002334
2017-01-12,-0.003131,-0.006593,-0.003141
2017-01-13,-0.001732,0.001765,0.000078
2017-01-17,-0.006184,-0.012775,-0.004724
2017-01-18,0.000589,0.004220,-0.000217
2017-01-19,0.003556,0.000267,-0.002077
2017-01-20,-0.001645,0.005672,0.005416
2017-01-23,0.003361,0.001124,-0.000536
2017-01-24,-0.000547,0.006856,0.001732
2017-01-25,0.004997,0.009146,0.006307
2017-01-26,0.002011,0.000995,-0.000275
2017-01-27,0.004407,0.007508,0.002933
2017-01-30,-0.008371,-0.011297,-0.007177
2017-01-31,-0.002791,-0.006963,-0.005353
2017-02-01,0.015322,0.005354,0.002850
2017-02-02,-0.000198,0.003449,-0.000720
2017-02-03,0.002629,0.012616,0.008525
2017-02-06,0.004056,-0.000955,-0.001833
2017-02-07,0.004701,0.001748,0.001492
2017-02-08,-0.000811,0.000547,-0.000344
2017-02-09,-0.000402,0.003079,0.003381
2017-02-10,-0.003909,0.000275,0.001817
2017-02-13,-0.003453,-0.004979,0.003997
2017-02-14,0.005655,0.001973,0.002581
2017-02-15,0.004415,0.005393,0.005081
2017-02-16,-0.001602,-0.001707,-0.000114
2017-02-17,-0.005582,0.003879,-0.000274
2017-02-21,0.013649,0.011400,0.007355
2017-02-22,-0.000254,-0.001380,-0.000726
2017-02-23,-0.013338,-0.020365,-0.004628
2017-02-24,0.005629,0.000885,0.000996
2017-02-27,0.007407,0.009136,0.004414
2017-02-28,-0.006065,-0.009411,-0.003624
2017-03-01,0.016243,0.012309,0.014488
2017-03-02,-0.012153,-0.016844,-0.009533
2017-03-03,0.002132,0.001750,0.001209
2017-03-06,-0.002683,-0.001703,-0.002107
2017-03-07,0.001711,-0.000871,-0.000385
2017-03-08,0.000132,-0.006893,-0.004226
2017-03-09,0.002658,-0.002477,-0.001544
2017-03-10,0.004845,0.003651,0.003260
2017-03-13,0.006452,0.006823,0.002699
2017-03-14,-0.001529,-0.003264,-0.002594
2017-03-15,0.010520,0.008345,0.010569
2017-03-16,0.001304,0.002269,-0.000689
2017-03-17,0.000022,0.000907,-0.000106
2017-03-20,0.005934,0.008493,0.003470
2017-03-21,-0.013589,-0.020098,-0.013286
2017-03-22,0.004886,0.000245,0.000564
2017-03-23,-0.005682,-0.002804,-0.001354
2017-03-24,-0.000729,-0.002799,-0.002834
2017-03-27,0.002020,-0.004686,-0.001927
2017-03-28,0.005279,0.006710,0.007207
2017-03-29,-0.003847,-0.003167,-0.001606
2017-03-30,0.006058,0.006363,0.005680
2017-03-31,-0.003691,-0.005230,-0.004051
2017-04-03,0.000900,-0.000109,-0.000442
2017-04-04,-0.012951,-0.013706,-0.000808
2017-04-05,-0.002152,-0.004272,-0.003185
2017-04-06,0.002027,0.001210,0.003662
2017-04-07,-0.000439,-0.000195,-0.000453
2017-04-10,-0.006597,-0.004317,0.000425
2017-04-11,-0.001039,0.001316,-0.000476
2017-04-12,0.000472,-0.002770,-0.002241
2017-04-13,-0.007145,-0.008703,-0.008223
2017-04-17,0.014364,0.013907,0.010047
2017-04-18,-0.005489,-0.006530,-0.005309
2017-04-19,-0.000994,-0.002848,-0.004196
2017-04-20,0.009798,0.006162,0.007997
2017-04-21,0.001010,-0.003989,-0.001505
2017-04-24,0.009546,0.012452,0.013999
2017-04-25,0.008244,0.006447,0.010902
2017-04-26,-0.002286,-0.003181,-0.001312
2017-04-27,0.004485,-0.000364,-0.001132
2017-04-28,-0.002842,-0.007249,-0.003169
2017-05-01,0.009491,0.005538,0.004261
2017-05-02,-0.005949,-0.006384,-0.002434
2017-05-03,-0.002650,0.002015,-0.000094
2017-05-04,0.001088,-0.001340,-0.000994
2017-05-05,0.003563,0.005158,0.005250
2017-05-08,0.002476,0.000417,0.001150
2017-05-09,-0.001009,0.000392,-0.002595
2017-05-10,0.033465,0.031557,0.013419
2017-05-11,0.008335,0.007845,0.002896
2017-05-12,0.002336,0.003458,-0.000347
2017-05-15,0.014200,0.012937,0.008068
2017-05-16,0.002813,0.004108,0.001882
2017-05-17,-0.025088,-0.024169,-0.019466
2017-05-18,0.013390,0.012431,0.004872
2017-05-19,0.007947,0.008311,0.007019
2017-05-22,0.009668,0.005850,0.005054
2017-05-23,-0.000369,-0.002791,0.003245
2017-05-24,0.002630,0.001106,0.004122
2017-05-25,0.005438,0.004416,0.003742
2017-05-26,0.003980,0.004617,0.001880
2017-05-30,0.003269,0.008491,-0.000186
2017-05-31,-0.004928,0.003667,-0.004013
2017-06-01,0.007438,0.005077,0.006461
2017-06-02,0.006541,0.000299,0.004204
2017-06-05,0.005404,0.005908,0.000478
2017-06-06,0.002054,0.000767,0.001486
2017-06-07,0.005031,0.005349,0.001738
2017-06-08,0.010333,0.016268,0.004211
2017-06-09,-0.018481,-0.008517,0.000050
2017-06-12,-0.004791,-0.000708,-0.001409
2017-06-13,0.006775,0.003389,0.003461
2017-06-14,0.002274,0.003113,0.000301
2017-06-15,-0.000693,-0.002465,0.000355
2017-06-16,0.000376,-0.002285,0.001439
2017-06-19,0.014322,0.016158,0.009125
2017-06-20,-0.003325,-0.004870,-0.005906
2017-06-21,0.006724,-0.000280,-0.003727
2017-06-22,0.000966,-0.002930,-0.001648
2017-06-23,-0.003349,-0.007343,0.000338
2017-06-26,-0.002932,0.001941,0.000929
2017-06-27,-0.015104,-0.013424,-0.009130
2017-06-28,0.010378,0.011698,0.009778
2017-06-29,-0.014660,-0.009887,-0.009919
2017-06-30,-0.002047,-0.003925,0.001489
2017-07-03,-0.003069,-0.005173,0.003536
2017-07-05,0.008258,0.004850,0.002095
2017-07-06,-0.007346,-0.006536,-0.007244
2017-07-07,0.009002,0.005908,0.005043
2017-07-10,0.005806,0.007181,0.002346
2017-07-11,0.000076,0.000624,-0.000296
2017-07-12,0.014073,0.012637,0.007995
2017-07-13,-0.002806,-0.000601,0.001088
2017-07-14,0.010259,0.009156,0.005466
2017-07-17,-0.001075,-0.000238,0.000219
2017-07-18,0.010233,0.004198,0.001246
2017-07-19,0.003802,0.002613,0.004304
2017-07-20,0.004536,0.007245,0.001462
2017-07-21,-0.001669,0.000355,-0.002047
2017-07-24,-0.001979,-0.006936,-0.000176
2017-07-25,-0.001273,0.001622,0.007811
2017-07-26,0.003241,0.005856,0.002296
2017-07-27,-0.011403,0.007229,-0.000003
2017-07-28,0.007347,0.003467,0.000841
2017-07-31,-0.002559,-0.001060,-0.000946
2017-08-01,0.003806,0.003546,0.004282
2017-08-02,0.000174,-0.001117,0.002506
2017-08-03,0.006038,0.004473,0.001058
2017-08-04,0.001743,0.000193,0.004273
2017-08-07,0.004149,0.005225,0.003360
2017-08-08,-0.002844,-0.005810,-0.002150
2017-08-09,0.003219,0.004001,0.001006
2017-08-10,-0.014629,-0.012486,-0.013137
2017-08-11,-0.010937,-0.012551,-0.004463
2017-08-14,0.022523,0.025897,0.015772
2017-08-15,0.001265,0.001283,0.001400
2017-08-16,-0.000594,0.003156,0.000460
2017-08-17,-0.012552,-0.012833,-0.013289
2017-08-18,-0.003415,-0.000975,-0.000370
2017-08-21,0.001255,-0.001341,0.000120
2017-08-22,0.009687,0.008313,0.009302
2017-08-23,0.002272,0.001739,-0.000710
2017-08-24,-0.001664,-0.002311,-0.001511
2017-08-25,-0.001175,-0.000399,0.001789
2017-08-28,0.001493,0.000194,-0.000452
2017-08-29,0.001885,-0.001448,0.001040
2017-08-30,-0.000082,-0.000988,0.001472
2017-08-31,0.012343,0.010362,0.006213
2017-09-01,0.000730,0.001867,0.001490
2017-09-05,-0.010176,-0.011210,-0.008781
2017-09-06,-0.001080,-0.001025,0.000967
2017-09-07,0.005953,0.000112,0.001525
2017-09-08,-0.005966,-0.005019,-0.002726
2017-09-11,0.017701,0.014747,0.013483
2017-09-12,-0.003854,0.002867,0.002452
2017-09-13,-0.000907,0.002623,-0.000152
2017-09-14,0.003524,0.000670,0.000305
2017-09-15,0.016001,0.016752,0.008110
2017-09-18,0.008074,0.010852,0.005095
2017-09-19,-0.004583,0.005262,0.003519
2017-09-20,-0.004771,-0.003195,-0.000573
2017-09-21,-0.009795,-0.012026,-0.005919
2017-09-22,-0.006989,0.000110,-0.002060
2017-09-25,-0.011363,-0.008658,-0.004538
2017-09-26,0.001308,-0.002093,0.000317
2017-09-27,0.002300,-0.001220,0.001695
2017-09-28,0.003402,0.001637,0.003890
2017-09-29,0.005018,0.004834,0.002553
2017-10-02,0.005000,0.000999,0.004168
2017-10-03,0.003177,0.005928,0.004316
2017-10-04,0.004914,0.005820,0.002178
2017-10-05,0.000968,-0.002491,0.004008
2017-10-06,0.001172,-0.000235,-0.000159
2017-10-09,0.003683,0.003911,0.000351
2017-10-10,0.002395,0.004809,0.002336
2017-10-11,0.003923,0.002042,0.002482
2017-10-12,-0.000140,-0.001038,-0.000082
2017-10-13,0.003702,0.003694,0.001985
2017-10-16,0.005210,0.007011,0.006272
2017-10-17,0.012218,0.005529,0.002961
2017-10-18,0.004197,0.002343,0.002632
2017-10-19,-0.002948,0.000727,-0.001411
2017-10-20,0.006112,-0.003797,0.004591
2017-10-23,0.000938,-0.004581,-0.001841
2017-10-24,0.001236,0.003871,0.005155
2017-10-25,-0.005375,-0.008094,-0.004204
2017-10-26,0.004276,0.006252,0.006238
2017-10-27,0.013028,0.007333,0.009602
2017-10-30,-0.006154,-0.007661,-0.004887
2017-10-31,0.003926,0.004350,0.000699
2017-11-01,0.002164,0.001336,0.002382
2017-11-02,0.004363,-0.001933,0.002691
2017-11-03,0.005097,0.004506,0.002388
2017-11-06,0.000793,-0.007532,-0.002142
2017-11-07,0.002085,0.006721,0.001766
2017-11-08,-0.002591,-0.005710,0.000055
2017-11-09,-0.006196,-0.007152,-0.004555
2017-11-10,0.007981,0.011480,0.002840
2017-11-13,0.001655,-0.000417,0.001471
2017-11-14,0.000602,-0.000613,-0.001876
2017-11-15,-0.011096,-0.012687,-0.009520
2017-11-16,0.007551,0.011292,0.007757
2017-11-17,-0.005808,-0.000738,-0.003965
2017-11-20,0.004794,0.007037,0.003773
2017-11-21,0.009127,0.005943,0.006825
2017-11-22,-0.005955,0.001410,-0.000683
2017-11-24,0.004834,0.002091,0.002113
2017-11-27,-0.001199,0.000922,-0.000029
2017-11-28,0.007003,0.008627,0.010771
2017-11-29,-0.009332,-0.005157,-0.002922
2017-11-30,0.012258,0.019174,0.012538
2017-12-01,-0.005128,-0.005765,-0.001087
2017-12-04,-0.018471,-0.013339,-0.005163
2017-12-05,-0.004686,-0.001793,-0.004893
2017-12-06,0.003515,-0.000020,-0.000396
2017-12-07,0.004674,0.004807,0.001674
2017-12-08,0.006735,0.005046,0.005533
2017-12-11,0.001585,0.003463,0.003786
2017-12-12,0.000097,-0.005507,0.003198
2017-12-13,-0.003161,0.004962,0.002050
2017-12-14,-0.007038,-0.008649,-0.006037
2017-12-15,0.011465,0.008664,0.008831
2017-12-18,0.007115,0.015545,0.007261
2017-12-19,-0.009938,0.000005,-0.005822
2017-12-20,-0.000307,0.002212,-0.000193
2017-12-21,-0.001394,0.001037,0.003202
2017-12-22,-0.001498,-0.001118,-0.000151
2017-12-26,0.001652,0.001602,-0.001302
2017-12-27,0.002670,0.003694,0.001921
2017-12-28,0.004243,0.004624,0.002855
2017-12-29,-0.009153,-0.008438,-0.006314
2018-01-02,0.005415,0.004604,0.004837
2018-01-03,0.016241,0.016726,0.004986
2018-01-04,0.003401,0.006807,0.006604
2018-01-05,0.009840,0.010816,0.005037
2018-01-08,0.006791,0.007470,0.002348
2018-01-09,0.003901,0.005056,0.002196
2018-01-10,-0.002034,-0.001426,-0.001800
2018-01-11,0.006154,0.006666,0.005295
2018-01-12,0.006374,0.005227,0.005642
2018-01-16,0.000868,0.002364,-0.001365
2018-01-17,0.011309,0.009903,0.007825
2018-01-18,0.001235,0.004127,-0.002604
2018-01-19,0.008329,0.009263,0.005900
2018-01-22,0.008811,0.005231,0.008967
2018-01-23,-0.000506,-0.005080,-0.002208
2018-01-24,-0.003291,-0.003840,0.001561
2018-01-25,0.005375,0.004312,0.003285
2018-01-26,0.010984,0.008844,0.007772
2018-01-29,-0.006773,-0.009197,-0.009318
2018-01-30,-0.016062,-0.013636,-0.010914
2018-01-31,0.001420,-0.004125,0.003626
2018-02-01,-0.004752,-0.002391,-0.000959
2018-02-02,-0.023288,-0.023942,-0.025880
2018-02-05,-0.056015,-0.047787,-0.046469
2018-02-06,0.032851,0.023901,0.020153
2018-02-07,-0.001534,-0.007837,-0.007393
2018-02-08,-0.047748,-0.039418,-0.037630
2018-02-09,0.033106,0.024359,0.021063
2018-02-12,0.008399,0.015775,0.013086
2018-02-13,0.008348,0.004435,0.005440
2018-02-14,0.018597,0.009208,0.009551
2018-02-15,0.009412,0.009022,0.012411
2018-02-16,-0.002799,0.002380,-0.000296
2018-02-20,0.000391,-0.008238,-0.006747
2018-02-21,-0.010884,-0.010107,-0.010368
2018-02-22,0.005762,0.003966,0.004390
2018-02-23,0.018489,0.014144,0.016057
2018-02-26,0.010367,0.007868,0.009877
2018-02-27,-0.008376,-0.007423,-0.011515
2018-02-28,-0.019434,-0.019153,-0.016208
2018-03-01,-0.020048,-0.020077,-0.013364
2018-03-02,0.001026,0.002647,0.003796
2018-03-05,0.011474,0.012081,0.011010
2018-03-06,0.005241,0.006387,0.003924
2018-03-07,-0.000369,-0.002481,-0.002409
2018-03-08,0.002773,0.006607,0.006898
2018-03-09,0.018856,0.014555,0.014636
2018-03-12,-0.003029,-0.005114,-0.001604
2018-03-13,-0.004886,0.001474,-0.004814
2018-03-14,-0.005213,-0.007140,-0.008078
2018-03-15,0.007636,0.007663,0.003438
2018-03-16,0.003009,0.002392,0.002444
2018-03-19,-0.021070,-0.022056,-0.016116
2018-03-20,0.011659,0.011863,0.003754
2018-03-21,-0.004535,-0.003598,-0.003916
2018-03-22,-0.035951,-0.032646,-0.026560
2018-03-23,-0.024771,-0.020264,-0.020576
2018-03-26,0.041710,0.029604,0.028892
2018-03-27,-0.031310,-0.021561,-0.014662
2018-03-28,-0.005127,-0.003045,-0.001298
2018-03-29,0.014681,0.010144,0.010760
2018-04-02,-0.021972,-0.025800,-0.019241
2018-04-03,0.018240,0.017710,0.015426
2018-04-04,0.013713,0.006999,0.010977
2018-04-05,-0.000064,0.001828,0.004874
2018-04-06,-0.025549,-0.020856,-0.020895
2018-04-09,0.003451,0.000917,0.003353
2018-04-10,0.027189,0.024550,0.019938
2018-04-11,-0.011529,-0.004395,-0.008268
2018-04-12,0.019479,0.011336,0.012071
2018-04-13,-0.005965,0.001519,-0.001679
2018-04-16,0.010253,0.006894,0.009645
2018-04-17,0.020116,0.007360,0.010999
2018-04-18,-0.001566,-0.000050,-0.001953
2018-04-19,-0.005788,-0.013779,-0.007471
2018-04-20,-0.005693,-0.008725,-0.008305
2018-04-23,-0.004122,-0.003755,-0.002860
2018-04-24,-0.016440,-0.021642,-0.012809
2018-04-25,-0.005514,-0.003075,-0.000961
2018-04-26,0.017065,0.014959,0.011735
2018-04-27,0.005662,-0.003472,0.000735
2018-04-30,-0.013273,-0.005655,-0.010375
2018-05-01,0.004571,0.001741,0.000376
2018-05-02,-0.009505,-0.011685,-0.007583
2018-05-03,0.006372,0.005582,0.002713
2018-05-04,0.012916,0.014993,0.012524
2018-05-07,0.010699,0.010530,0.005680
2018-05-08,-0.000710,-0.002943,-0.002107
2018-05-09,0.007720,0.013422,0.009081
2018-05-10,0.012453,0.012044,0.012355
2018-05-11,-0.000265,0.000952,0.002865
2018-05-14,0.004079,-0.000247,0.001647
2018-05-15,-0.017493,-0.013351,-0.010212
2018-05-16,0.001054,0.004146,0.002139
2018-05-17,-0.000718,-0.001419,-0.000053
2018-05-18,-0.000279,0.000849,-0.001637
2018-05-21,0.007067,0.006995,0.008254
2018-05-22,-0.004924,-0.006228,-0.003076
2018-05-23,0.008719,0.008840,0.004402
2018-05-24,-0.004478,-0.004170,-0.005459
2018-05-25,0.001551,-0.000001,-0.001453
2018-05-29,-0.010653,-0.007671,-0.012045
2018-05-30,0.012928,0.012850,0.013896
2018-05-31,-0.009055,-0.012246,-0.010473
2018-06-01,0.014128,0.011416,0.011147
2018-06-04,0.010900,0.008116,0.005346
2018-06-05,0.000688,0.000505,-0.000312
2018-06-06,0.008038,0.010306,0.010985
2018-06-07,-0.004573,0.000850,0.001270
2018-06-08,0.001572,0.004258,0.003066
2018-06-11,-0.000724,0.002108,-0.000283
2018-06-12,0.002964,0.001467,0.000099
2018-06-13,-0.006868,-0.007926,-0.007097
2018-06-14,0.005033,0.002680,0.000679
2018-06-15,-0.007226,-0.003180,-0.003487
2018-06-18,-0.000420,-0.006153,-0.004723
2018-06-19,-0.012880,-0.010688,-0.007252
2018-06-20,0.005064,0.000776,-0.000624
2018-06-21,-0.010726,-0.008905,-0.005332
2018-06-22,-0.002892,0.000075,0.003318
2018-06-25,-0.021166,-0.020019,-0.012575
2018-06-26,0.001448,0.001683,0.000987
2018-06-27,-0.010014,-0.010426,-0.004837
2018-06-28,0.008238,0.009091,0.009191
2018-06-29,-0.002038,-0.004557,-0.000905
2018-07-02,0.005615,0.007502,0.004010
2018-07-03,-0.005066,-0.008181,-0.004786
2018-07-05,0.015331,0.015985,0.012180
2018-07-06,0.007799,0.005234,0.005707
2018-07-09,0.006195,0.011605,0.008723
2018-07-10,0.007012,0.008995,0.006612
2018-07-11,-0.009745,-0.013475,-0.010674
2018-07-12,0.011298,0.009715,0.008832
2018-07-13,0.001703,0.004357,0.001421
2018-07-16,-0.006740,-0.006545,-0.000259
2018-07-17,0.000262,0.003336,0.003145
2018-07-18,-0.000767,0.003583,-0.000843
2018-07-19,-0.003135,-0.003984,-0.004337
2018-07-20,-0.001832,-0.002683,0.001824
2018-07-23,0.002446,-0.002573,0.001130
2018-07-24,0.002049,0.005308,0.007843
2018-07-25,0.014985,0.013366,0.010334
2018-07-26,0.008308,0.007190,0.005920
2018-07-27,-0.006162,-0.004609,-0.002341
2018-07-30,-0.012990,-0.013712,-0.006018
2018-07-31,0.005612,0.007701,0.003757
2018-08-01,-0.000505,0.000732,-0.000803
2018-08-02,0.005540,0.005047,0.002700
2018-08-03,0.006568,0.005506,0.004896
2018-08-06,0.001190,0.000010,-0.000670
2018-08-07,0.003640,0.003612,0.002824
2018-08-08,0.001118,-0.000344,-0.001912
2018-08-09,-0.000784,0.002553,-0.002232
2018-08-10,-0.008004,-0.005302,-0.008031
2018-08-13,-0.001531,-0.003120,-0.004157
2018-08-14,0.006748,0.006564,0.005288
2018-08-15,-0.006733,-0.006344,-0.003573
2018-08-16,0.008744,0.007557,0.011378
2018-08-17,-0.001911,-0.000639,0.004624
2018-08-20,0.003653,0.002151,0.003040
2018-08-21,-0.003685,-0.000927,0.000152
2018-08-22,0.006116,0.003333,-0.000842
2018-08-23,0.001113,-0.000365,-0.001434
2018-08-24,0.013810,0.007386,0.006550
2018-08-27,0.009236,0.007803,0.010207
2018-08-28,0.004360,-0.000359,0.001259
2018-08-29,0.006635,0.005802,0.003897
2018-08-30,-0.003876,-0.002663,-0.003968
2018-08-31,0.003206,-0.000963,-0.000753
2018-09-04,-0.002243,-0.003992,-0.002756
2018-09-05,-0.005624,0.007105,0.002916
2018-09-06,-0.001631,0.001469,-0.000838
2018-09-07,-0.005671,-0.002546,-0.003637
2018-09-10,-0.001843,-0.004568,-0.000224
2018-09-11,0.005682,0.005719,0.004751
2018-09-12,-0.000900,0.005295,0.000696
2018-09-13,0.011845,0.003238,0.007474
2018-09-14,0.003388,-0.000385,-0.000209
2018-09-17,-0.005574,0.001223,-0.000319
2018-09-18,-0.001463,-0.003404,0.000478
2018-09-19,-0.001773,-0.000076,0.006695
2018-09-20,0.005894,0.009465,0.008872
2018-09-21,-0.000226,0.002512,0.000292
2018-09-24,-0.001711,-0.005471,-0.006417
2018-09-25,-0.002510,-0.008895,-0.003591
2018-09-26,-0.004572,-0.000678,-0.004390
2018-09-27,0.004959,0.004190,0.001942
2018-09-28,0.014320,0.001110,0.002640
2018-10-01,0.010902,0.006454,0.010309
2018-10-02,-0.000256,0.006864,0.003256
2018-10-03,0.001180,-0.000612,-0.000790
2018-10-04,-0.013306,-0.005946,-0.006875
2018-10-05,-0.011174,-0.003552,-0.007302
2018-10-08,-0.003227,0.000964,0.001573
2018-10-09,0.000555,0.004104,-0.002345
2018-10-10,-0.041833,-0.025265,-0.030036
2018-10-11,-0.025232,-0.019873,-0.024000
2018-10-12,0.019760,0.011350,0.010669
2018-10-15,-0.011907,-0.000324,-0.004206
2018-10-16,0.030388,0.021011,0.020972
2018-10-17,-0.008391,0.001923,0.000212
2018-10-18,-0.012654,-0.006827,-0.009030
2018-10-19,-0.012356,0.021610,0.002479
2018-10-22,-0.002227,-0.006117,-0.002750
2018-10-23,-0.017239,0.011940,-0.007972
2018-10-24,-0.045503,-0.012658,-0.025433
2018-10-25,0.031177,0.009224,0.016873
2018-10-26,-0.021575,-0.015932,-0.014728
2018-10-29,-0.019635,0.001415,-0.004112
2018-10-30,0.026506,0.014314,0.019502
2018-10-31,0.017689,0.005820,0.011570
2018-11-01,0.006396,0.008165,0.004086
2018-11-02,-0.008363,-0.012443,-0.003030
2018-11-05,0.000317,-0.004827,0.003945
2018-11-06,0.004416,0.003952,0.007074
2018-11-07,0.023263,0.017620,0.018146
2018-11-08,-0.004373,-0.006225,-0.004094
2018-11-09,-0.003491,-0.002007,-0.008090
2018-11-12,-0.026304,-0.028782,-0.020883
2018-11-13,0.005857,0.004549,-0.000360
2018-11-14,-0.010352,-0.010199,-0.009438
2018-11-15,0.009967,0.011990,0.010768
2018-11-16,-0.030863,-0.030121,-0.005917
2018-11-19,-0.032569,-0.035288,-0.015608
2018-11-20,-0.010288,-0.015290,-0.019496
2018-11-21,-0.010835,-0.007932,-0.003117
2018-11-23,-0.001814,-0.008419,-0.007365
2018-11-26,0.019946,0.020498,0.014450
2018-11-27,0.010062,0.009657,0.003653
2018-11-28,0.026513,0.021517,0.021219
2018-11-29,-0.005845,-0.005298,-0.002753
2018-11-30,0.010839,0.012132,0.009899
2018-12-03,0.008461,0.006498,0.010754
2018-12-04,-0.031577,-0.030496,-0.030583
2018-12-06,0.002704,-0.000471,-0.004112
2018-12-07,-0.029992,-0.026224,-0.023943
2018-12-10,0.006342,0.004976,0.002557
2018-12-11,0.000898,-0.002674,-0.000126
2018-12-12,-0.001653,-0.006656,0.000851
2018-12-13,0.003458,0.005006,0.004133
2018-12-14,-0.027277,-0.016359,-0.018772
2018-12-17,-0.026720,-0.023709,-0.021901
2018-12-18,0.003616,0.008059,0.002642
2018-12-19,-0.019350,-0.019935,-0.016363
2018-12-20,-0.017058,-0.015895,-0.015022
2018-12-21,-0.018813,-0.026299,-0.018018
2018-12-24,-0.032708,-0.030954,-0.032903
2018-12-26,0.042182,0.042616,0.041974
2018-12-27,0.004697,0.005263,0.008888
2018-12-28,0.003030,-0.001117,-0.002484
2018-12-31,0.009626,0.011618,0.008725
2019-01-02,-0.002854,-0.003261,0.000219
2019-01-03,-0.030612,-0.031622,-0.026345
2019-01-04,0.031384,0.027586,0.031019
2019-01-07,0.012707,0.001491,0.004542
2019-01-08,0.008301,0.015059,0.009046
2019-01-09,0.004153,0.000846,0.001500
2019-01-10,0.011914,0.002857,0.007652
2019-01-11,0.005665,-0.000810,0.000943
2019-01-14,-0.000328,-0.005964,-0.001832
2019-01-15,0.008305,0.013407,0.008246
2019-01-16,0.000145,0.000755,0.006068
2019-01-17,0.005479,0.003198,0.006427
2019-01-18,0.019583,0.009247,0.015112
2019-01-22,-0.016932,-0.012763,-0.014659
2019-01-23,0.003649,0.014789,0.005052
2019-01-24,0.006967,-0.006776,-0.000174
2019-01-25,0.008797,0.006677,0.009041
2019-01-28,-0.049824,-0.010492,-0.020702
2019-01-29,-0.012782,-0.011232,-0.001748
2019-01-30,0.022403,0.026776,0.018766
2019-01-31,0.014314,0.007005,0.007303
2019-02-01,0.001620,-0.005046,0.003294
2019-02-04,0.005819,0.009173,0.005928
2019-02-05,0.001419,0.005859,0.003938
2019-02-06,0.002681,-0.003774,-0.001148
2019-02-07,-0.009952,-0.010545,-0.009493
2019-02-08,-0.004177,0.003019,-0.000302
2019-02-11,-0.005473,-0.000761,-0.002164
2019-02-12,0.019319,0.014848,0.015834
2019-02-13,0.003767,0.002174,0.002868
2019-02-14,0.000992,-0.003787,-0.007773
2019-02-15,0.016980,0.015586,0.014637
2019-02-19,-0.001329,0.002122,0.000063
2019-02-20,0.003038,0.004863,0.004558
2019-02-21,-0.003240,0.002231,-0.001066
2019-02-22,0.007299,0.009047,0.005877
2019-02-25,0.000211,0.003482,0.002565
2019-02-26,-0.006972,-0.003562,-0.003457
2019-02-27,-0.013905,-0.000695,-0.003192
2019-02-28,-0.011272,-0.004162,-0.005576
2019-03-01,0.003191,0.005900,0.003936
2019-03-04,-0.007379,-0.007490,-0.002768
2019-03-05,0.003155,0.002767,-0.000014
2019-03-06,-0.007341,-0.010006,-0.006232
2019-03-07,-0.010577,-0.007472,-0.006586
2019-03-08,0.005074,0.000789,0.000682
2019-03-11,0.025170,0.023392,0.019043
2019-03-12,0.006403,0.003816,0.003793
2019-03-13,0.015934,0.013452,0.010040
2019-03-14,-0.000471,-0.000041,-0.000073
2019-03-15,0.007160,0.001545,0.004302
2019-03-18,0.002391,0.004525,0.003718
2019-03-19,0.005552,0.004047,0.001644
2019-03-20,-0.007849,-0.008937,-0.004966
2019-03-21,0.012713,0.012685,0.010793
2019-03-22,-0.025139,-0.014532,-0.017020
2019-03-25,-0.004410,-0.000552,-0.001762
2019-03-26,0.006063,0.005003,0.007500
2019-03-27,-0.006286,-0.002749,-0.003004
2019-03-28,0.007049,0.000977,0.003881
2019-03-29,0.009226,0.010643,0.007533
2019-04-01,0.008893,0.013098,0.009151
2019-04-02,0.003472,0.002360,0.001099
2019-04-03,0.008116,0.004294,0.004683
2019-04-04,0.000555,0.004625,0.002607
2019-04-05,0.004809,0.002335,0.003669
2019-04-08,0.001699,0.002118,0.002825
2019-04-09,-0.006197,-0.008068,-0.007228
2019-04-10,0.005847,0.003986,0.002698
2019-04-11,-0.007651,-0.006697,-0.002258
2019-04-12,-0.000922,0.003928,0.003620
2019-04-15,-0.002112,-0.004683,-0.003570
2019-04-16,-0.005754,-0.003604,0.001849
2019-04-17,0.000371,0.006644,0.003585
2019-04-18,0.008531,0.005322,0.005643
2019-04-22,0.005874,0.002792,0.002359
2019-04-23,0.009599,0.001981,0.005400
2019-04-24,0.002626,-0.006631,-0.005123
2019-04-25,0.002868,-0.001324,-0.002303
2019-04-26,0.002341,0.013484,0.005119
2019-04-29,0.001257,0.003893,0.001023
2019-04-30,0.003471,-0.001376,0.004321
2019-05-01,-0.002772,-0.005678,-0.004607
2019-05-02,-0.003143,-0.005507,-0.002325
2019-05-03,0.007625,0.005999,0.008101
2019-05-06,-0.004582,-0.000268,-0.005151
2019-05-07,-0.021255,-0.016188,-0.017558
2019-05-08,0.000549,0.000003,-0.000386
2019-05-09,-0.004348,-0.005048,-0.005298
2019-05-10,0.005953,0.006185,0.008182
2019-05-13,-0.025286,-0.020615,-0.022503
2019-05-14,0.006585,0.002929,0.005591
2019-05-15,0.003742,0.002306,0.003589
2019-05-16,0.011299,0.003741,0.009556
2019-05-17,-0.005186,-0.004598,-0.004424
2019-05-20,-0.008957,-0.001828,-0.006143
2019-05-21,0.009555,0.011501,0.008302
2019-05-22,-0.004779,-0.007322,-0.003829
2019-05-23,-0.013002,-0.013854,-0.011390
2019-05-24,-0.002429,-0.000044,0.001070
2019-05-28,-0.011473,-0.016339,-0.013105
2019-05-29,-0.008979,-0.006296,-0.009384
2019-05-30,0.000562,-0.000144,0.000782
2019-05-31,-0.012258,-0.015568,-0.015289
2019-06-03,-0.002735,0.008002,0.005901
2019-06-04,0.020769,0.013645,0.020166
2019-06-05,0.014204,0.010309,0.008730
2019-06-06,0.008538,0.008967,0.010323
2019-06-07,0.011573,0.008707,0.009078
2019-06-10,0.006486,0.001004,0.005042
2019-06-11,0.000631,0.002884,0.004228
2019-06-12,-0.004026,0.000486,-0.002856
2019-06-13,0.007110,0.005769,0.004520
2019-06-14,0.000478,0.000725,-0.000941
2019-06-17,0.001641,0.001679,-0.000622
2019-06-18,0.007964,0.001465,0.011339
2019-06-19,0.004647,0.004450,0.002075
2019-06-20,0.004881,0.007378,0.007442
2019-06-21,-0.001483,0.002127,-0.001125
2019-06-24,-0.001564,-0.001040,0.001771
2019-06-25,-0.012432,-0.006023,-0.007623
2019-06-26,-0.005076,-0.009659,-0.000913
2019-06-27,0.007029,0.001212,0.003507
2019-06-28,0.004436,0.001244,0.003926
2019-07-01,0.008846,0.000800,0.006704
2019-07-02,0.005886,0.005732,0.002873
2019-07-03,0.006439,0.010151,0.006145
2019-07-05,-0.001625,-0.004431,-0.002409
2019-07-08,-0.003280,-0.000160,-0.004151
2019-07-09,-0.000831,-0.005773,-0.001731
2019-07-10,0.005538,0.006629,0.003797
2019-07-11,0.005515,0.009791,0.007755
2019-07-12,0.004275,-0.002166,0.004695
2019-07-15,-0.001688,0.001190,-0.000810
2019-07-16,0.001480,-0.005541,-0.001206
2019-07-17,-0.002230,-0.002146,-0.005592
2019-07-18,0.003588,-0.001309,0.002633
2019-07-19,-0.008542,-0.008831,-0.006780
2019-07-22,0.007123,-0.005101,0.001775
2019-07-23,0.010527,0.001698,0.012915
2019-07-24,-0.001959,-0.000435,-0.003558
2019-07-25,-0.009053,-0.000889,-0.004988
2019-07-26,0.008363,0.008724,0.006492
2019-07-29,0.001048,0.007976,0.003472
2019-07-30,-0.001156,0.004025,-0.001671
2019-07-31,-0.016431,-0.020201,-0.015227
2019-08-01,-0.008111,-0.007588,-0.013482
2019-08-02,-0.005831,-0.002513,-0.006637
2019-08-05,-0.030019,-0.008669,-0.025848
2019-08-06,0.012103,0.003031,0.009935
2019-08-07,0.000259,-0.000629,0.000796
2019-08-08,0.018013,0.014175,0.016182
2019-08-09,-0.004739,-0.004388,-0.006799
2019-08-12,-0.011421,-0.004581,-0.010314
2019-08-13,0.017638,0.011965,0.016037
2019-08-14,-0.028227,-0.027426,-0.028141
2019-08-15,0.004107,0.002985,0.002917
2019-08-16,0.018523,0.009856,0.017562
2019-08-19,0.011942,0.006239,0.013187
2019-08-20,-0.011202,-0.011214,-0.011374
2019-08-21,0.006268,0.005957,0.006965
2019-08-22,-0.002555,-0.005535,-0.000990
2019-08-23,-0.025965,-0.021570,-0.027904
2019-08-26,0.011693,0.006955,0.010479
2019-08-27,-0.006318,-0.001445,-0.004912
2019-08-28,0.007087,0.006161,0.007256
2019-08-29,0.014205,0.007526,0.013882
2019-08-30,0.001477,0.005377,0.003113
2019-09-03,-0.004847,-0.001202,-0.006928
2019-09-04,0.008957,0.003987,0.010190
2019-09-05,0.009613,0.005962,0.013603
2019-09-06,-0.000546,0.002113,0.001478
2019-09-09,0.001441,-0.001587,0.002196
2019-09-10,-0.003836,0.005183,0.005880
2019-09-11,0.005197,0.007768,0.008072
2019-09-12,0.006753,-0.002369,0.002486
2019-09-13,0.002948,0.003637,0.001060
2019-09-16,-0.004589,-0.003524,-0.005159
2019-09-17,0.005180,0.000288,0.002752
2019-09-18,0.001827,-0.000305,0.001017
2019-09-19,0.004187,0.000624,-0.000967
2019-09-20,-0.005740,0.002765,-0.004736
2019-09-23,0.000013,-0.002082,0.000195
2019-09-24,-0.008023,-0.005732,-0.008957
2019-09-25,0.005207,-0.003563,0.005322
2019-09-26,-0.001247,-0.007952,-0.003215
2019-09-27,-0.003464,0.001300,-0.002662
2019-09-30,0.004185,0.001236,0.003464
2019-10-01,-0.010800,-0.004781,-0.012072
2019-10-02,-0.017519,-0.012623,-0.015644
2019-10-03,0.007269,0.005541,0.006853
2019-10-04,0.016144,0.015817,0.014754
2019-10-07,-0.004076,-0.006160,-0.001790
2019-10-08,-0.014190,-0.010257,-0.016186
2019-10-09,0.010378,0.004001,0.007424
2019-10-10,0.007235,0.002821,0.009618
2019-10-11,0.005759,-0.000442,0.011523
2019-10-14,-0.001493,-0.002609,-0.001426
2019-10-15,0.012503,0.018411,0.017374
2019-10-16,-0.001680,-0.001229,-0.001886
2019-10-17,0.001330,0.007337,0.005221
2019-10-18,0.000456,-0.002198,-0.004810
2019-10-21,0.011592,0.003689,0.009425
2019-10-22,0.003266,0.010409,0.002872
2019-10-23,0.007540,0.006451,0.006659
2019-10-24,0.006571,-0.003324,-0.000488
2019-10-25,-0.000776,-0.005889,0.006586
2019-10-28,-0.001570,-0.006270,0.001879
2019-10-29,-0.001289,0.004453,-0.000315
2019-10-30,0.006222,0.009734,0.004729
2019-10-31,-0.001684,-0.001506,-0.004193
2019-11-01,0.005964,0.002029,0.009984
2019-11-04,-0.002515,-0.004490,0.005199
2019-11-05,-0.004835,-0.003460,-0.002498
2019-11-06,0.005843,0.003734,0.001279
2019-11-07,0.003340,0.002406,0.006045
2019-11-08,0.003124,-0.008026,0.000219
2019-11-11,-0.000882,-0.002202,-0.002998
2019-11-12,-0.000590,-0.005121,-0.000321
2019-11-13,0.004812,0.005370,0.001251
2019-11-14,0.004002,0.001676,0.000775
2019-11-15,0.010348,0.002711,0.008905
2019-11-18,0.007586,0.004452,0.003658
2019-11-19,0.001716,-0.001513,-0.001738
2019-11-20,-0.000294,0.004117,-0.001190
2019-11-21,-0.004076,-0.000168,0.000508
2019-11-22,0.000555,-0.000352,0.001758
2019-11-25,0.008267,0.001334,0.008707
2019-11-26,0.005575,0.007904,0.001872
2019-11-27,0.001647,0.000322,0.002366
2019-11-29,-0.003601,-0.002917,-0.003329
2019-12-02,-0.008226,-0.000333,-0.009645
2019-12-03,-0.003211,-0.003041,-0.006301
2019-12-04,0.008302,0.011065,0.008921
2019-12-05,0.004914,0.002556,0.003513
2019-12-06,0.006698,0.007210,0.010119
2019-12-09,-0.003313,-0.002509,-0.003374
2019-12-10,-0.000382,-0.001828,-0.000657
2019-12-11,0.000387,0.000349,0.003202
2019-12-12,0.004800,0.007592,0.011229
2019-12-13,0.004242,-0.001010,-0.000922
2019-12-16,0.006610,0.004698,0.005884
2019-12-17,-0.003561,0.000650,0.001981
2019-12-18,-0.000773,-0.005741,-0.001933
2019-12-19,0.003145,0.001150,0.003629
2019-12-20,0.004049,0.008113,0.006666
2019-12-23,0.001782,-0.001493,0.000978
2019-12-24,0.001273,-0.000374,-0.000754
2019-12-26,0.007824,0.004964,0.005110
2019-12-27,0.002327,0.003191,0.000182
2019-12-30,-0.004007,-0.004615,-0.004818
2019-12-31,0.003563,0.003725,0.003843
2020-01-02,0.002459,0.001453,0.006691
2020-01-03,-0.008337,-0.005763,-0.010415
2020-01-06,0.001935,-0.001312,0.001323
2020-01-07,-0.005532,-0.008356,-0.004181
2020-01-08,0.011731,0.001968,0.006132
2020-01-09,0.009448,0.003651,0.007319
2020-01-10,0.001086,-0.001245,-0.000944
2020-01-13,0.010752,0.011531,0.009717
2020-01-14,-0.006743,-0.002857,-0.003567
2020-01-15,0.009136,0.003010,0.003321
2020-01-16,0.010705,0.005932,0.009437
2020-01-17,0.005284,0.005469,0.003858
2020-01-21,-0.000967,-0.002108,-0.004418
2020-01-22,-0.002890,-0.004112,-0.002406
2020-01-23,0.003092,0.001748,0.001087
2020-01-24,-0.003726,-0.006493,-0.008166
2020-01-27,-0.016533,-0.009807,-0.017363
2020-01-28,0.013222,0.008716,0.011469
2020-01-29,0.006404,-0.004349,-0.001254
2020-01-30,0.006042,0.005454,0.006939
2020-01-31,-0.026095,-0.021846,-0.024747
2020-02-03,0.004978,-0.007689,0.001484
2020-02-04,0.019823,0.008278,0.016030
2020-02-05,0.004172,0.026556,0.015353
2020-02-06,0.007493,-0.003433,0.001193
2020-02-07,-0.004035,-0.004786,-0.007568
2020-02-10,0.011105,-0.000615,0.007446
2020-02-11,-0.004224,-0.001744,0.000820
2020-02-12,0.007032,0.008936,0.008674
2020-02-13,-0.000154,0.000995,-0.000309
2020-02-14,0.006098,-0.002517,0.004952
2020-02-18,-0.001804,-0.007297,-0.003764
2020-02-19,0.003712,0.007919,0.009184
2020-02-20,-0.002549,-0.002577,-0.004999
2020-02-21,-0.010010,-0.004771,-0.008808
2020-02-24,-0.038548,-0.036213,-0.037283
2020-02-25,-0.028554,-0.034199,-0.031490
2020-02-26,0.003157,-0.006053,-0.000412
2020-02-27,-0.057716,-0.046040,-0.048926
2020-02-28,-0.006967,-0.002740,-0.002679
2020-03-02,0.054839,0.046745,0.046534
2020-03-03,-0.017434,-0.023831,-0.026137
2020-03-04,0.050553,0.044903,0.047225
2020-03-05,-0.036635,-0.032384,-0.035006
2020-03-06,-0.028274,-0.021947,-0.021420
2020-03-09,-0.077744,-0.073486,-0.082540
2020-03-10,0.044824,0.036385,0.043634
2020-03-11,-0.044062,-0.046711,-0.048038
2020-03-12,-0.091094,-0.091569,-0.096620
2020-03-13,0.099551,0.073367,0.097952
2020-03-16,-0.137697,-0.092039,-0.118989
2020-03-17,0.063162,0.060788,0.059288
2020-03-18,-0.045036,-0.053755,-0.056321
2020-03-19,-0.025641,-0.020885,-0.004582
2020-03-20,-0.046661,-0.054665,-0.051668
2020-03-23,-0.011146,-0.040940,-0.031181
2020-03-24,0.089461,0.075240,0.095379
2020-03-25,0.015316,0.027088,0.020230
2020-03-26,0.061637,0.060350,0.060535
2020-03-27,-0.026696,-0.026206,-0.032470
2020-03-30,0.049370,0.036574,0.039944
2020-03-31,-0.017540,-0.015196,-0.012276
2020-04-01,-0.064059,-0.033636,-0.045709
2020-04-02,0.028232,0.039844,0.035113
2020-04-03,-0.020857,-0.010336,-0.019520
2020-04-06,0.080885,0.048200,0.061880
2020-04-07,-0.005344,-0.002244,0.001010
2020-04-08,0.031961,0.033503,0.038970
2020-04-09,0.013568,0.005481,0.012364
2020-04-13,-0.006510,-0.022021,-0.020036
2020-04-14,0.039720,0.027537,0.025165
2020-04-15,-0.020550,-0.024181,-0.018860
2020-04-16,0.022580,0.002941,0.007117
2020-04-17,0.007494,0.031247,0.025904
2020-04-20,-0.018718,-0.021500,-0.022456
2020-04-21,-0.031798,-0.019552,-0.026929
2020-04-22,0.024350,0.010740,0.015970
2020-04-23,-0.007819,0.004759,0.003525
2020-04-24,0.018576,0.003796,0.011097
2020-04-27,0.012998,0.007414,0.014523
2020-04-28,-0.014738,0.001326,-0.002989
2020-04-29,0.022735,0.012719,0.018669
2020-04-30,-0.004403,-0.013956,-0.012039
2020-05-01,-0.021586,-0.017599,-0.027054
2020-05-04,0.010546,-0.007904,0.002821
2020-05-05,0.008800,0.001905,0.006393
2020-05-06,0.000102,-0.016989,-0.009513
2020-05-07,0.008656,0.001937,0.006409
2020-05-08,0.020749,0.029402,0.023422
2020-05-11,0.006174,-0.012205,-0.005632
2020-05-12,-0.025415,-0.022698,-0.024393
2020-05-13,-0.011330,-0.018842,-0.020015
2020-05-14,0.010121,0.008082,0.014874
2020-05-15,0.009158,-0.000544,0.003257
2020-05-18,0.023254,0.041373,0.037713
2020-05-19,-0.012647,-0.022311,-0.017593
2020-05-20,0.014582,0.019143,0.018393
2020-05-21,-0.010998,-0.007265,-0.009885
2020-05-22,0.009390,0.000961,0.002132
2020-05-26,-0.004167,0.016146,0.019583
2020-05-27,0.004715,0.015970,0.018527
2020-05-28,0.004505,0.010721,-0.000563
2020-05-29,0.012303,0.003116,0.002150
2020-06-01,0.000640,0.003688,0.005083
2020-06-02,0.009444,0.010523,0.010330
2020-06-03,0.006550,0.020537,0.018105
2020-06-04,-0.012914,-0.001696,-0.003138
2020-06-05,0.023042,0.033101,0.030185
2020-06-08,0.005299,0.012939,0.007121
2020-06-09,0.008243,-0.015359,-0.006630
2020-06-10,0.013881,-0.013913,-0.004598
2020-06-11,-0.050895,-0.059698,-0.064589
2020-06-12,0.012459,0.008387,0.014127
2020-06-15,0.006581,0.006634,0.008402
2020-06-16,0.019059,0.016661,0.019015
2020-06-17,0.000592,-0.009762,-0.006353
2020-06-18,-0.000053,0.004896,-0.000305
2020-06-19,-0.010495,-0.012997,-0.009035
2020-06-22,0.013194,-0.002878,0.004425
2020-06-23,0.001536,-0.000871,0.002967
2020-06-24,-0.019954,-0.028999,-0.027124
2020-06-25,0.014830,0.013597,0.018613
2020-06-26,-0.024416,-0.027819,-0.031152
2020-06-29,0.017299,0.021271,0.017478
2020-06-30,0.017410,0.010725,0.014267
2020-07-01,0.001870,-0.006863,0.000429
2020-07-02,0.007473,0.004451,0.006488
2020-07-06,0.016100,0.011153,0.016487
2020-07-07,-0.002968,-0.009937,-0.011159
2020-07-08,0.013136,0.002821,0.008448
2020-07-09,0.001947,-0.020627,-0.010939
2020-07-10,0.004621,0.022771,0.013147
2020-07-13,-0.011691,0.005788,0.001156
2020-07-14,0.016005,0.016995,0.020863
2020-07-15,-0.000105,0.005682,0.005275
2020-07-16,-0.004474,0.001360,-0.002256
2020-07-17,0.005147,-0.001067,0.002353
2020-07-20,0.012132,-0.010405,-0.001037
2020-07-21,-0.004539,0.017448,0.008094
2020-07-22,0.006211,0.000296,0.001732
2020-07-23,-0.019255,0.000824,-0.009475
2020-07-24,0.001677,-0.000320,-0.002586
2020-07-27,0.011790,0.000144,0.007382
2020-07-28,-0.004201,0.000197,-0.003439
2020-07-29,0.010283,0.005375,0.012421
2020-07-30,0.005157,-0.012606,-0.009258
2020-07-31,0.022806,-0.002298,0.004126
2020-08-03,0.016333,0.001984,0.006067
2020-08-04,0.003857,0.011905,0.005320
2020-08-05,0.002692,0.008214,0.009608
2020-08-06,0.008139,0.001183,0.003576
2020-08-07,-0.007646,0.002859,0.002788
2020-08-10,-0.002720,0.006726,0.006951
2020-08-11,-0.015501,0.000983,-0.005213
2020-08-12,0.023142,0.012776,0.014365
2020-08-13,0.003713,-0.006120,-0.004048
2020-08-14,-0.001098,0.003673,0.001317
2020-08-17,0.005879,0.005087,-0.000158
2020-08-18,0.002713,-0.003148,-0.001897
2020-08-19,-0.004036,-0.008435,-0.004684
2020-08-20,0.009759,-0.005789,0.000758
2020-08-21,0.010929,0.006553,0.007390
2020-08-24,0.008141,0.016559,0.010663
2020-08-25,0.002592,-0.005534,0.001051
2020-08-26,0.007518,-0.004231,0.000663
2020-08-27,0.000869,0.001219,0.004633
2020-08-28,0.006771,0.019924,0.009604
2020-08-31,0.000237,-0.006880,-0.005340
2020-09-01,0.018459,0.017053,0.007466
2020-09-02,0.012541,0.016574,0.018695
2020-09-03,-0.051680,-0.046805,-0.030130
2020-09-04,-0.009111,-0.002644,-0.001869
2020-09-08,-0.039296,-0.040537,-0.027053
2020-09-09,0.033697,0.029805,0.019751
2020-09-10,-0.022016,-0.019863,-0.017274
2020-09-11,-0.000592,0.002984,0.004722
2020-09-14,0.016193,0.020232,0.011621
2020-09-15,0.004612,-0.002643,-0.003294
2020-09-16,-0.017154,-0.012701,-0.001947
2020-09-17,-0.004515,-0.005601,-0.004715
2020-09-18,-0.015559,-0.015885,-0.008077
2020-09-21,0.002916,-0.006366,-0.016296
2020-09-22,0.010939,0.004426,0.003245
2020-09-23,-0.028122,-0.031352,-0.024224
2020-09-24,0.009209,0.008442,0.007990
2020-09-25,0.016564,0.016695,0.013719
2020-09-28,0.011916,0.018544,0.014125
2020-09-29,-0.003689,-0.003477,-0.004978
2020-09-30,0.012892,0.012354,0.011804
2020-10-01,0.001359,-0.004913,-0.003660
2020-10-02,-0.020443,-0.012103,-0.004014
2020-10-05,0.020392,0.025282,0.017376
2020-10-06,-0.011182,-0.010636,-0.009815
2020-10-07,0.015463,0.015386,0.015760
2020-10-08,0.000355,0.014924,0.009954
2020-10-09,0.011041,-0.000053,0.006005
2020-10-12,0.024655,0.021561,0.015694
2020-10-13,-0.007268,-0.014841,-0.010806
2020-10-14,-0.005922,-0.001563,-0.005592
2020-10-15,-0.007246,0.000214,-0.001569
2020-10-16,-0.001576,-0.005145,0.001285
2020-10-19,-0.020309,-0.019935,-0.016489
2020-10-20,0.007304,0.010087,0.006936
2020-10-21,-0.003585,-0.008404,-0.007321
2020-10-22,-0.002209,0.015380,0.010454
2020-10-23,0.005570,-0.002147,0.002365
2020-10-26,-0.016043,-0.021451,-0.020332
2020-10-27,0.007194,-0.002489,-0.006953
2020-10-28,-0.042176,-0.042596,-0.036959
2020-10-29,0.016189,0.026634,0.013239
2020-10-30,-0.018699,-0.019591,-0.006537
2020-11-02,0.007259,0.030226,0.019545
2020-11-03,0.016995,0.018031,0.019534
2020-11-04,0.021779,-0.017977,0.009052
2020-11-05,0.022917,0.025173,0.021734
2020-11-06,0.004813,-0.003323,-0.000479
2020-11-09,-0.021960,0.071642,0.025520
2020-11-10,-0.006049,0.006409,0.004715
2020-11-11,0.019814,-0.006369,0.003915
2020-11-12,-0.001706,-0.011654,-0.006010
2020-11-13,0.004572,0.012244,0.009317
2020-11-16,0.000579,0.026124,0.010836
2020-11-17,-0.005600,-0.004438,-0.004929
2020-11-18,-0.011673,-0.013747,-0.013340
2020-11-19,0.000929,0.003981,0.000694
2020-11-20,-0.007584,-0.009181,-0.007171
2020-11-23,-0.006589,0.023849,0.006628
2020-11-24,0.004888,0.026770,0.014334
2020-11-25,0.003337,-0.009095,-0.003567
2020-11-27,0.004466,-0.002697,0.002900
2020-11-30,0.003468,-0.022376,-0.008935
2020-12-01,0.010327,0.008616,0.009680
2020-12-02,-0.001971,0.014955,0.005189
2020-12-03,-0.005369,0.002021,-0.001589
2020-12-04,0.002232,0.022774,0.013340
2020-12-07,0.002051,-0.010794,-0.005734
2020-12-08,0.001217,0.006487,0.003381
2020-12-09,-0.012732,-0.000684,-0.003288
2020-12-10,-0.002528,0.002369,-0.000738
2020-12-11,0.001761,0.001756,-0.000106
2020-12-14,-0.000846,-0.011076,-0.007214
2020-12-15,0.015008,0.014147,0.015290
2020-12-16,0.002075,-0.004799,-0.001557
2020-12-17,0.007364,0.000180,0.006307
2020-12-18,-0.001556,-0.004297,-0.003934
2020-12-21,-0.000161,0.001025,0.001883
2020-12-22,0.003220,-0.011950,-0.005527
2020-12-23,-0.005624,0.010490,0.002864
2020-12-24,0.005437,-0.000166,0.003557
2020-12-28,0.011803,0.003577,0.008129
2020-12-29,-0.004228,-0.004362,-0.003320
2020-12-30,-0.004022,0.008337,0.003676
2020-12-31,0.003020,0.004711,0.006408
2021-01-04,-0.015213,-0.004229,-0.011482
2021-01-05,0.009438,0.017044,0.008429
2021-01-06,-0.010716,0.039173,0.008238
2021-01-07,0.016818,0.012964,0.012744
2021-01-08,0.001638,-0.001058,0.001274
2021-01-11,-0.007924,0.009504,-0.002176
2021-01-12,-0.005878,0.017395,0.002163
2021-01-13,0.006066,-0.000556,0.001722
2021-01-14,-0.014275,0.015118,-0.001293
2021-01-15,-0.011139,-0.023367,-0.011324
2021-01-19,0.004880,-0.000265,0.002735
2021-01-20,0.013716,-0.003276,0.005536
2021-01-21,0.008701,-0.011175,0.001115
2021-01-22,0.000197,-0.007568,-0.003432
2021-01-25,0.014083,-0.014425,0.002835
2021-01-26,0.003267,-0.007110,0.000184
2021-01-27,-0.025422,-0.022925,-0.024013
2021-01-28,0.007932,0.015336,0.010686
2021-01-29,-0.021459,-0.019553,-0.019149
2021-02-01,0.020025,0.008000,0.010017
2021-02-02,0.004418,0.027370,0.014492
2021-02-03,-0.001577,0.009142,0.001927
2021-02-04,0.004558,0.013173,0.006282
2021-02-05,0.006751,0.009929,0.006458
2021-02-08,0.001529,0.021199,0.011562
2021-02-09,-0.001825,-0.003910,-0.001771
2021-02-10,-0.003721,0.004579,0.003313
2021-02-11,0.002430,-0.003507,0.000839
2021-02-12,-0.001146,0.009367,0.000754
2021-02-16,-0.007311,0.016288,0.003230
2021-02-17,-0.004362,0.003413,0.001601
2021-02-18,-0.000116,-0.003874,-0.000854
2021-02-19,-0.005941,0.014168,0.001078
2021-02-22,-0.013957,0.018537,0.000102
2021-02-23,0.005063,0.007124,0.004335
2021-02-24,-0.004479,0.018622,0.009789
2021-02-25,-0.024193,-0.010915,-0.020027
2021-02-26,-0.007654,-0.025636,-0.012690
2021-03-01,0.020292,0.022828,0.018938
2021-03-02,-0.007769,-0.005428,-0.005994
2021-03-03,-0.019388,-0.000262,-0.009536
2021-03-04,-0.008489,0.000256,-0.008220
2021-03-05,0.018736,0.021722,0.018652
2021-03-08,-0.008396,0.006192,-0.001392
2021-03-09,0.019844,-0.008534,0.007970
2021-03-10,0.001281,0.018870,0.010398
2021-03-11,0.007779,-0.002975,0.003348
2021-03-12,0.002305,0.014553,0.007581
2021-03-15,0.007399,-0.001796,0.003692
2021-03-16,0.008576,-0.009205,-0.001173
2021-03-17,-0.005936,0.008704,0.001197
2021-03-18,-0.011481,-0.011590,-0.007092
2021-03-19,-0.004053,-0.005700,-0.004670
2021-03-22,0.019975,-0.001473,0.006387
2021-03-23,0.004921,-0.012226,-0.004332
2021-03-24,-0.007082,0.004198,-0.000006
2021-03-25,0.002769,0.005210,0.004210
2021-03-26,0.016444,0.015334,0.017119
2021-03-29,0.003448,0.003224,0.002473
2021-03-30,-0.009875,-0.000765,-0.004369
2021-03-31,0.006215,-0.007605,-0.000757
2021-04-01,0.006290,0.006994,0.006901
2021-04-05,0.018277,-0.000391,0.007622
2021-04-06,-0.000631,0.000842,-0.001625
2021-04-07,0.002477,0.001221,0.003692
2021-04-08,0.005345,-0.000833,0.001958
2021-04-09,0.006794,0.000850,0.007007
2021-04-12,-0.001165,-0.000993,0.003965
2021-04-13,0.005099,-0.001646,0.001006
2021-04-14,-0.005933,0.012009,-0.000721
2021-04-15,0.012075,0.002648,0.012791
2021-04-16,0.003597,0.004424,0.003584
2021-04-19,-0.002275,0.000484,-0.003811
2021-04-20,-0.002493,-0.015632,-0.005087
2021-04-21,0.004636,0.009152,0.007668
2021-04-22,-0.011827,-0.012634,-0.012066
2021-04-23,0.007814,0.009617,0.007887
2021-04-26,-0.005706,0.000335,-0.002780
2021-04-27,-0.001772,0.001656,0.000123
2021-04-28,-0.008364,0.008439,-0.000318
2021-04-29,0.004484,0.006022,0.007369
2021-04-30,-0.003025,-0.008036,-0.007029
2021-05-03,0.004704,0.003375,0.005800
2021-05-04,-0.016355,0.001030,-0.001777
2021-05-05,0.001371,0.011449,0.005859
2021-05-06,0.013319,0.007946,0.010943
2021-05-07,0.006647,0.010594,0.006962
2021-05-10,-0.005080,-0.003435,-0.000436
2021-05-11,-0.006819,-0.015529,-0.012353
2021-05-12,-0.020480,-0.012583,-0.015675
2021-05-13,0.013982,0.002066,0.010554
2021-05-14,0.013392,0.018308,0.013597
2021-05-17,-0.006102,0.002787,-0.001012
2021-05-18,-0.008120,-0.015491,-0.010252
2021-05-19,-0.000325,-0.008628,-0.004865
2021-05-20,0.013768,0.007218,0.007518
2021-05-21,-0.002487,0.009654,0.004094
2021-05-24,0.011168,0.013281,0.009016
2021-05-25,0.000846,-0.008472,-0.003627
2021-05-26,-0.002330,0.003238,0.000568
2021-05-27,-0.009399,-0.000760,0.000650
2021-05-28,0.001910,0.010778,0.003337
2021-06-01,-0.003343,0.006088,0.003292
2021-06-02,0.003845,0.005295,0.004487
2021-06-03,-0.001003,0.008101,0.002130
2021-06-04,0.010009,0.004017,0.007490
2021-06-07,-0.002552,-0.005821,-0.005249
2021-06-08,-0.000930,0.000319,-0.000512
2021-06-09,0.000603,-0.003277,-0.002684
2021-06-10,0.005970,-0.005264,-0.001471
2021-06-11,-0.000379,-0.005501,-0.001674
2021-06-14,0.008047,-0.002538,0.000284
2021-06-15,-0.005832,0.006725,-0.002289
2021-06-16,-0.005543,-0.008203,-0.005867
2021-06-17,0.007551,-0.011373,-0.003046
2021-06-18,-0.014193,-0.016390,-0.016903
2021-06-21,0.015012,0.018080,0.015894
2021-06-22,0.005755,0.005026,0.004588
2021-06-23,-0.005931,0.001151,-0.001795
2021-06-24,0.001545,0.009250,0.007417
2021-06-25,0.002078,0.002205,0.001651
2021-06-28,0.009181,-0.003910,0.002881
2021-06-29,0.003223,-0.004315,-0.000696
2021-06-30,-0.001385,0.007076,0.004362
2021-07-01,0.004182,0.000958,0.003320
2021-07-02,0.012313,0.004106,0.007389
2021-07-06,0.003006,-0.009472,-0.004855
2021-07-07,0.007587,-0.004592,0.003635
2021-07-08,-0.010833,-0.011510,-0.009355
2021-07-09,0.009122,0.015511,0.014324
2021-07-12,0.002909,0.008062,0.005800
2021-07-13,-0.000639,-0.007070,-0.003664
2021-07-14,0.005704,-0.009256,0.001302
2021-07-15,-0.005572,-0.010340,-0.001283
2021-07-16,-0.008363,-0.020276,-0.010614
2021-07-19,-0.007527,-0.010156,-0.016244
2021-07-20,0.008987,0.007168,0.012401
2021-07-21,0.007715,0.022338,0.011588
2021-07-22,0.006629,-0.002226,0.000792
2021-07-23,0.010195,0.000806,0.004353
2021-07-26,-0.001237,0.003917,0.001543
2021-07-27,-0.003734,-0.002632,-0.000665
2021-07-28,-0.005604,0.003058,-0.003479
2021-07-29,0.005128,0.007462,0.006121
2021-07-30,0.007207,-0.013326,-0.002084
2021-08-02,-0.003401,-0.000028,-0.001053
2021-08-03,0.010178,0.008184,0.008607
2021-08-04,-0.000584,-0.007470,-0.006072
2021-08-05,0.005227,0.009663,0.004779
2021-08-06,-0.003959,0.006079,0.003865
2021-08-09,-0.001124,-0.003054,-0.001890
2021-08-10,-0.004955,0.008468,0.004277
2021-08-11,0.002098,0.007856,0.004669
2021-08-12,0.008998,0.001375,0.003500
2021-08-13,0.008191,-0.002157,0.002684
2021-08-16,0.007222,-0.007030,0.002967
2021-08-17,-0.003547,-0.012037,-0.004536
2021-08-18,-0.013077,-0.016404,-0.013843
2021-08-19,0.011663,-0.005606,0.002562
2021-08-20,0.014144,0.011656,0.008137
2021-08-23,0.004279,0.024986,0.008228
2021-08-24,-0.006917,0.003145,-0.001486
2021-08-25,-0.001234,0.010000,0.002216
2021-08-26,-0.004664,-0.007514,-0.005421
2021-08-27,0.006354,0.012643,0.007353
2021-08-30,0.012894,-0.006269,0.002559
2021-08-31,-0.004173,-0.005311,-0.002758
2021-09-01,0.005494,-0.001626,0.000762
2021-09-02,0.003418,0.008147,0.006756
2021-09-03,0.001539,0.002051,-0.000908
2021-09-07,0.001279,-0.007231,-0.006395
2021-09-08,-0.003312,-0.006619,-0.003459
2021-09-09,-0.007538,-0.004759,-0.006983
2021-09-10,-0.009069,-0.004300,-0.006535
2021-09-13,0.003863,0.007577,0.007249
2021-09-14,-0.001309,-0.006913,-0.006572
2021-09-15,0.006811,0.007888,0.008014
2021-09-16,-0.002783,-0.004449,-0.005058
2021-09-17,-0.012856,-0.006179,-0.009824
2021-09-20,-0.018447,-0.024523,-0.019993
2021-09-21,0.003397,-0.000668,0.000238
2021-09-22,0.010793,0.008870,0.010534
2021-09-23,0.006251,0.015534,0.011653
2021-09-24,-0.003225,-0.003042,-0.001520
2021-09-27,-0.012057,0.000626,-0.000439
2021-09-28,-0.023744,-0.014307,-0.014926
2021-09-29,0.003345,-0.002042,0.000572
2021-09-30,-0.010690,-0.013245,-0.013234
2021-10-01,0.010338,0.011954,0.010593
2021-10-04,-0.016540,-0.008801,-0.009621
2021-10-05,0.012509,0.008063,0.010046
2021-10-06,0.007965,-0.001454,0.003932
2021-10-07,0.009646,0.009725,0.009656
2021-10-08,-0.005138,-0.000625,-0.000750
2021-10-11,-0.000856,-0.012225,-0.007395
2021-10-12,0.000365,-0.010044,-0.003591
2021-10-13,0.007904,-0.000656,0.002233
2021-10-14,0.020521,0.020512,0.018596
2021-10-15,0.004121,0.011715,0.010460
2021-10-18,0.004994,0.000172,0.001592
2021-10-19,0.002718,0.011768,0.006091
2021-10-20,0.003908,0.008464,0.007813
2021-10-21,0.004581,-0.002267,0.000928
2021-10-22,0.001274,0.001089,0.001157
2021-10-25,0.003445,0.007647,0.003156
2021-10-26,0.011681,0.018155,0.010437
2021-10-27,0.004792,-0.016002,-0.005770
2021-10-28,0.010140,0.014082,0.010751
2021-10-29,0.002874,0.005837,0.002668
2021-11-01,-0.000126,0.006938,0.001687
2021-11-02,0.013669,0.008110,0.007088
2021-11-03,0.005714,-0.006740,0.000966
2021-11-04,0.024971,0.019112,0.005340
2021-11-05,-0.000727,0.002386,0.002293
2021-11-08,0.008854,0.018819,0.007510
2021-11-09,0.000067,-0.004525,-0.000750
2021-11-10,-0.013196,-0.017951,-0.007600
2021-11-11,0.006690,0.008709,0.000976
2021-11-12,0.005422,0.001990,0.003101
2021-11-15,-0.000950,-0.004954,-0.002283
2021-11-16,0.002931,-0.000651,-0.001703
2021-11-17,-0.002618,-0.016517,-0.005648
2021-11-18,0.022181,0.011606,0.004277
2021-11-19,0.011678,-0.006207,-0.003636
2021-11-22,-0.006597,0.000930,0.002081
2021-11-23,0.001693,0.014635,0.008802
2021-11-24,0.007457,0.005400,-0.000284
2021-11-26,-0.026863,-0.030599,-0.024118
2021-11-29,0.025458,0.011397,0.010280
2021-11-30,-0.010623,-0.019694,-0.017473
2021-12-01,-0.006267,-0.008589,-0.004014
2021-12-02,0.008977,0.017658,0.014284
2021-12-03,-0.014550,-0.010140,-0.003693
2021-12-06,0.007230,0.008188,0.012347
2021-12-07,0.032279,0.024207,0.017059
2021-12-08,0.002397,-0.004563,-0.000478
2021-12-09,-0.011992,-0.006546,-0.003048
2021-12-10,0.013001,-0.002603,0.007512
2021-12-13,-0.015669,-0.019427,-0.005857
2021-12-14,-0.008869,0.005040,-0.001117
2021-12-15,0.030754,0.013958,0.014378
2021-12-16,-0.026271,-0.004944,-0.000809
2021-12-17,-0.013085,-0.023505,-0.017496
2021-12-20,-0.005481,-0.013670,-0.010696
2021-12-21,0.018195,0.019056,0.011861
2021-12-22,0.012345,0.009312,0.008871
2021-12-23,0.004701,0.006786,0.005351
2021-12-27,0.024726,0.014445,0.013099
2021-12-28,-0.005298,-0.003076,-0.000361
2021-12-29,0.001734,-0.001898,0.001038
2021-12-30,-0.006719,-0.004393,-0.003827
2021-12-31,-0.001976,-0.000844,-0.000473
2022-01-03,0.003108,0.024299,0.006296
2022-01-04,-0.015238,0.015794,0.007807
2022-01-05,-0.028377,-0.019169,-0.008348
2022-01-06,-0.004408,0.007985,-0.004055
2022-01-07,-0.010336,-0.001310,0.000302
2022-01-10,-0.002030,-0.000773,-0.002246
2022-01-11,0.004892,0.014746,0.005042
2022-01-12,0.005046,0.000305,0.001905
2022-01-13,-0.024550,-0.013004,-0.009112
2022-01-14,0.007893,-0.007205,-0.002778
2022-01-18,-0.019711,-0.023250,-0.017354
2022-01-19,-0.004481,-0.019004,-0.006114
2022-01-20,-0.009106,-0.012724,-0.006312
2022-01-21,-0.011069,-0.017815,-0.010684
2022-01-24,-0.004879,0.000513,-0.002840
2022-01-25,-0.018114,-0.003548,-0.004166
2022-01-26,0.004603,0.003813,-0.001910
2022-01-27,-0.008754,-0.010193,-0.002131
2022-01-28,0.037349,0.019091,0.016585
2022-01-31,0.023397,0.025217,0.014083
2022-02-01,-0.004315,0.019529,0.005596
2022-02-02,0.016802,0.005765,0.009536
2022-02-03,-0.022250,-0.025144,-0.016369
2022-02-04,-0.002295,0.010695,-0.001999
2022-02-07,-0.004008,0.004545,0.000355
2022-02-08,0.008067,0.004814,0.005834
2022-02-09,0.022919,0.018752,0.011552
2022-02-10,-0.026875,-0.016915,-0.014826
2022-02-11,-0.029443,-0.021261,-0.018045
2022-02-14,0.002246,-0.002888,-0.003290
2022-02-15,0.027415,0.024973,0.015212
2022-02-16,0.000040,-0.001330,0.000102
2022-02-17,-0.025573,-0.036329,-0.018000
2022-02-18,-0.011163,-0.015617,-0.006301
2022-02-22,-0.009874,-0.008224,-0.008148
2022-02-23,-0.023919,-0.020485,-0.014989
2022-02-24,0.021619,0.013923,0.000331
2022-02-25,0.023504,0.018757,0.029390
2022-02-28,-0.003189,-0.000745,-0.007278
2022-03-01,-0.015989,-0.025395,-0.016393
2022-03-02,0.017183,0.028086,0.019344
2022-03-03,-0.004358,-0.003408,0.000309
2022-03-04,-0.011498,-0.010469,-0.002617
2022-03-07,-0.032612,-0.020095,-0.019376
2022-03-08,-0.014034,0.009619,-0.007470
2022-03-09,0.036738,0.031821,0.021256
2022-03-10,-0.014908,-0.010201,-0.006271
2022-03-11,-0.020316,-0.008559,-0.011028
2022-03-14,-0.010713,-0.003504,-0.001998
2022-03-15,0.038965,0.016012,0.019670
2022-03-16,0.026059,0.023454,0.016036
2022-03-17,0.008356,0.013600,0.011514
2022-03-18,0.024625,0.006321,0.006849
2022-03-21,0.002399,0.001220,0.003743
2022-03-22,0.006943,0.008476,0.004416
2022-03-23,-0.011333,-0.009469,-0.008700
2022-03-24,0.025507,0.012621,0.014528
2022-03-25,0.001118,0.004758,0.005800
2022-03-28,0.014121,0.000709,0.002785
2022-03-29,0.016599,0.008261,0.007078
2022-03-30,-0.010753,-0.001889,-0.001080
2022-03-31,-0.015533,-0.015278,-0.014638
2022-04-01,0.001924,0.001271,0.004833
2022-04-04,0.009961,0.001689,0.002174
2022-04-05,-0.013566,-0.007990,-0.006939
2022-04-06,-0.015361,-0.008141,-0.003764
2022-04-07,0.000042,0.005108,0.001993
2022-04-08,-0.012482,0.006195,0.001861
2022-04-11,-0.029317,-0.009570,-0.014301
2022-04-12,-0.004941,-0.004233,-0.000992
2022-04-13,0.014237,0.002025,0.008144
2022-04-14,-0.021726,0.002601,-0.005801
2022-04-18,0.005245,0.004357,0.001906
2022-04-19,0.019800,0.011234,0.015006
2022-04-20,0.001165,0.014459,0.007626
2022-04-21,-0.021628,-0.008405,-0.010660
2022-04-22,-0.026388,-0.035545,-0.030509
2022-04-25,0.010056,0.005419,0.003611
2022-04-26,-0.033612,-0.027223,-0.024232
2022-04-27,0.008227,0.009501,0.003101
2022-04-28,0.036922,0.016855,0.022049
2022-04-29,-0.048522,-0.021224,-0.030108
2022-05-02,-0.004289,0.001053,0.002796
2022-05-03,-0.001758,0.004377,0.003985
2022-05-04,0.019909,0.026549,0.027091
2022-05-05,-0.045379,-0.036496,-0.032351
2022-05-06,-0.002641,-0.009657,-0.002018
2022-05-09,-0.044451,-0.046081,-0.028964
2022-05-10,-0.000541,-0.012384,-0.003371
2022-05-11,-0.028210,-0.006163,-0.011857
2022-05-12,-0.014555,-0.005030,-0.005174
2022-05-13,0.036251,0.025402,0.021061
2022-05-16,-0.008581,-0.001560,0.000649
2022-05-17,0.017143,0.023073,0.017678
2022-05-18,-0.057766,-0.034859,-0.037286
2022-05-19,-0.004128,-0.001679,-0.004235
2022-05-20,-0.001632,-0.007966,-0.001212
2022-05-23,0.018706,0.024503,0.022594
2022-05-24,-0.007810,-0.000188,0.001788
2022-05-25,0.006967,0.007420,0.005555
2022-05-26,0.021893,0.017197,0.014230
2022-05-27,0.031288,0.026625,0.020681
2022-05-31,-0.007459,-0.005758,-0.007788
2022-06-01,-0.006632,-0.000231,-0.006550
2022-06-02,0.019702,0.013720,0.016010
2022-06-03,-0.019158,-0.007575,-0.012266
2022-06-06,0.003704,0.003295,0.002289
2022-06-07,0.013089,0.015457,0.012125
2022-06-08,-0.005141,-0.007695,-0.010041
2022-06-09,-0.024777,-0.022837,-0.022348
2022-06-10,-0.032237,-0.029634,-0.028936
2022-06-13,-0.042655,-0.044917,-0.033792
2022-06-14,-0.003382,0.002562,-0.006383
2022-06-15,0.014561,0.013889,0.013178
2022-06-16,-0.033515,-0.031976,-0.024666
2022-06-17,0.001637,-0.007138,-0.004846
2022-06-21,0.035945,0.028421,0.029029
2022-06-22,-0.005011,-0.007535,-0.002610
2022-06-23,0.002715,0.001399,0.003790
2022-06-24,0.024849,0.020530,0.023999
2022-06-27,0.001811,-0.002255,-0.003195
2022-06-28,-0.021292,-0.009533,-0.012809
2022-06-29,-0.002659,-0.004755,-0.002607
2022-06-30,-0.013689,-0.014237,-0.010788
2022-07-01,0.000774,0.012303,0.007908
2022-07-05,0.004309,-0.012420,-0.008583
2022-07-06,0.010704,-0.001175,0.002828
2022-07-07,0.015011,0.019815,0.013051
2022-07-08,0.001140,-0.003525,-0.001762
2022-07-11,-0.013286,-0.005035,-0.007490
2022-07-12,-0.009274,-0.007297,-0.006565
2022-07-13,-0.004916,0.001092,-0.004169
2022-07-14,0.007918,-0.012662,-0.008215
2022-07-15,0.021669,0.015366,0.021672
2022-07-18,-0.010316,-0.004173,-0.005607
2022-07-19,0.021864,0.029319,0.026341
2022-07-20,0.005463,-0.000549,-0.000463
2022-07-21,0.008825,0.002535,0.004050
2022-07-22,-0.010189,-0.000657,-0.009019
2022-07-25,-0.001636,0.012063,0.005186
2022-07-26,-0.008869,-0.002757,-0.005082
2022-07-27,0.031207,0.016155,0.018833
2022-07-28,0.011603,0.018542,0.016059
2022-07-29,0.005220,0.012421,0.010573
2022-08-01,-0.004157,-0.003230,-0.003970
2022-08-02,-0.007887,-0.019368,-0.012712
2022-08-03,0.018212,0.000861,0.009963
2022-08-04,-0.002199,-0.012273,-0.005122
2022-08-05,-0.002501,0.006536,0.003690
2022-08-08,-0.015011,-0.003032,-0.006105
2022-08-09,-0.006794,0.002677,0.001099
2022-08-10,0.022212,0.014306,0.018840
2022-08-11,-0.008122,0.005579,0.000264
2022-08-12,0.017592,0.011729,0.014170
2022-08-15,0.006215,0.001615,0.004845
2022-08-16,0.000742,0.002291,0.001753
2022-08-17,-0.005373,-0.003693,-0.004369
2022-08-18,0.003535,0.002170,0.001492
2022-08-19,-0.011349,-0.004637,-0.010479
2022-08-22,-0.021170,-0.010486,-0.017296
2022-08-23,-0.002005,0.005883,-0.002029
2022-08-24,-0.000984,-0.001582,0.000980
2022-08-25,0.017721,0.010263,0.013170
2022-08-26,-0.042571,-0.025684,-0.032916
2022-08-29,-0.011091,0.001015,-0.004227
2022-08-30,-0.013783,-0.021365,-0.013172
2022-08-31,-0.011341,-0.013043,-0.009200
2022-09-01,-0.012677,-0.002441,-0.003566
2022-09-02,-0.012674,-0.012261,-0.011663
2022-09-06,-0.004831,-0.005813,-0.003982
2022-09-07,0.008561,0.009679,0.012619
2022-09-08,0.007500,0.002907,0.005996
2022-09-09,0.015264,0.020409,0.014857
2022-09-12,0.014750,0.012182,0.011180
2022-09-13,-0.052543,-0.039601,-0.040427
2022-09-14,0.005632,-0.000891,-0.000737
2022-09-15,-0.006942,-0.014979,-0.009718
2022-09-16,0.000202,-0.004269,-0.002986
2022-09-19,0.008829,0.007493,0.005118
2022-09-20,-0.004939,-0.007852,-0.009659
2022-09-21,-0.014188,-0.018361,-0.016777
2022-09-22,-0.007963,-0.005517,-0.005005
2022-09-23,-0.013980,-0.018916,-0.015813
2022-09-26,-0.010072,-0.008620,-0.014067
2022-09-27,0.005023,-0.003273,-0.003819
2022-09-28,0.013555,0.015486,0.017083
2022-09-29,-0.024253,-0.022831,-0.018710
2022-09-30,-0.013721,-0.016330,-0.012332
2022-10-03,0.024405,0.028957,0.026900
2022-10-04,0.028068,0.030499,0.028893
2022-10-05,0.006060,-0.000384,-0.002086
2022-10-06,-0.007474,-0.009183,-0.012948
2022-10-07,-0.038095,-0.017012,-0.024761
2022-10-10,-0.012840,-0.003842,-0.008018
2022-10-11,-0.002785,0.002082,-0.004016
2022-10-12,-0.001810,0.000115,0.000937
2022-10-13,0.028522,0.026045,0.028442
2022-10-14,-0.023906,-0.019312,-0.018676
2022-10-17,0.028385,0.018836,0.026065
2022-10-18,0.003210,0.009596,0.009066
2022-10-19,0.001356,0.001912,-0.004050
2022-10-20,0.002428,-0.007834,-0.002885
2022-10-21,0.023267,0.028511,0.022124
2022-10-24,0.013436,0.000956,0.009329
2022-10-25,0.013910,0.015794,0.016676
2022-10-26,-0.013425,0.010088,-0.001016
2022-10-27,-0.003861,0.016511,0.005895
2022-10-28,0.037533,0.029925,0.030327
2022-10-31,-0.009132,-0.007450,-0.008443
2022-11-01,-0.004760,-0.001642,-0.001714
2022-11-02,-0.021024,-0.019627,-0.015194
2022-11-03,-0.002419,0.002931,0.000082
2022-11-04,0.011075,0.020107,0.017303
2022-11-07,0.009332,0.013594,0.010084
2022-11-08,0.009296,0.005431,0.006877
2022-11-09,-0.033047,-0.020701,-0.017727
2022-11-10,0.048688,0.034082,0.046327
2022-11-11,0.002494,0.006343,0.002983
2022-11-14,-0.001781,-0.004733,-0.005576
2022-11-15,0.004034,-0.001111,0.000280
2022-11-16,-0.007912,-0.001278,-0.002235
2022-11-17,0.003077,-0.000951,-0.001352
2022-11-18,0.003063,0.003403,0.005805
2022-11-21,-0.011291,-0.000254,-0.000863
2022-11-22,0.020652,0.016171,0.014978
2022-11-23,0.008318,0.002984,0.005361
2022-11-25,-0.004314,0.000641,0.000216
2022-11-28,-0.018629,-0.017148,-0.018009
2022-11-29,-0.007965,0.000961,-0.001082
2022-11-30,0.035075,0.023413,0.026577
2022-12-01,-0.001924,-0.002518,-0.003651
2022-12-02,-0.004848,0.001306,-0.001159
2022-12-05,-0.012031,-0.015420,-0.016194
2022-12-06,-0.020119,-0.014356,-0.012053
2022-12-07,0.000730,0.001325,0.001632
2022-12-08,0.019034,0.005837,0.010025
2022-12-09,-0.009808,-0.008655,-0.006924
2022-12-12,0.020176,0.017023,0.016882
2022-12-13,0.008498,0.008958,0.008412
2022-12-14,-0.008985,-0.002591,-0.005217
2022-12-15,-0.026725,-0.020003,-0.022524
2022-12-16,-0.010944,-0.000912,-0.010862
2022-12-19,-0.006496,-0.001549,-0.004186
2022-12-20,0.000473,0.008534,0.002357
2022-12-21,0.018714,0.013391,0.015406
2022-12-22,-0.025488,-0.010955,-0.013529
2022-12-23,0.005594,0.010145,0.004675
2022-12-27,-0.013549,0.007081,-0.002454
2022-12-28,-0.013851,-0.012766,-0.011338
2022-12-29,0.016445,0.007875,0.013562
2022-12-30,0.001924,-0.002266,-0.001665
2023-01-03,-0.023653,-0.018632,-0.007468
2023-01-04,0.004920,0.004364,0.003082
2023-01-05,-0.011502,-0.008683,-0.014259
2023-01-06,0.024796,0.025021,0.021673
2023-01-09,0.005567,-0.001508,0.000411
2023-01-10,0.008824,0.006840,0.005298
2023-01-11,0.010877,0.012545,0.010008
2023-01-12,0.013778,0.005438,0.007372
2023-01-13,0.006782,0.008431,0.006517
2023-01-17,0.006777,-0.010658,-0.007213
2023-01-18,-0.015491,-0.014476,-0.017939
2023-01-19,-0.007140,-0.003117,-0.007412
2023-01-20,0.023914,0.008798,0.011161
2023-01-23,0.019803,0.004371,0.010459
2023-01-24,0.010772,0.007623,0.007317
2023-01-25,-0.000422,-0.002296,-0.000181
2023-01-26,0.018462,0.015409,0.011618
2023-01-27,0.003434,-0.004035,0.000522
2023-01-30,-0.021918,-0.009074,-0.011977
2023-01-31,0.008345,0.010141,0.011712
2023-02-01,0.009428,0.004392,0.006005
2023-02-02,-0.009583,-0.012584,0.002327
2023-02-03,-0.001306,-0.004615,-0.005233
2023-02-06,0.001702,0.000537,-0.000658
2023-02-07,0.021001,0.017394,0.011260
2023-02-08,-0.002152,-0.001950,-0.004479
2023-02-09,-0.000328,-0.003210,-0.008446
2023-02-10,0.003138,0.006612,0.003493
2023-02-13,0.007468,0.006266,0.010838
2023-02-14,0.003650,-0.000455,-0.002182
2023-02-15,0.001531,-0.001451,-0.000065
2023-02-16,-0.014435,-0.014656,-0.013946
2023-02-17,-0.009100,-0.001216,0.000187
2023-02-21,-0.018123,-0.010591,-0.016199
2023-02-22,-0.003130,0.000131,-0.001442
2023-02-23,0.030143,0.016804,0.011621
2023-02-24,-0.005340,0.002260,-0.004999
2023-02-27,0.004282,0.000345,0.003485
2023-02-28,-0.006361,-0.007466,-0.006373
2023-03-01,0.001888,0.000447,-0.003557
2023-03-02,0.010957,0.008968,0.009752
2023-03-03,0.017023,0.009893,0.014150
2023-03-06,0.001856,0.002026,0.001436
2023-03-07,-0.018149,-0.015796,-0.016623
2023-03-08,0.006820,-0.001129,0.002089
2023-03-09,-0.019808,-0.015236,-0.020315
2023-03-10,-0.022516,-0.011380,-0.012397
2023-03-13,-0.000873,0.001756,-0.001257
2023-03-14,0.014305,0.010777,0.013895
2023-03-15,-0.016309,-0.008658,-0.011309
2023-03-16,0.017309,0.009245,0.012504
2023-03-17,-0.006882,-0.005306,-0.012534
2023-03-20,0.017810,0.014151,0.014641
2023-03-21,0.018796,0.012288,0.010590
2023-03-22,-0.010744,-0.012040,-0.013081
2023-03-23,0.001661,-0.000537,0.002195
2023-03-24,-0.000788,0.005200,0.005289
2023-03-27,0.003779,0.005634,0.004787
2023-03-28,-0.001067,-0.002543,-0.001162
2023-03-29,0.011372,0.008487,0.010604
2023-03-30,0.008636,0.006036,0.005762
2023-03-31,0.011046,0.008941,0.011538
2023-04-03,0.024119,0.014437,0.010444
2023-04-04,-0.011139,-0.011930,-0.006787
2023-04-05,0.002506,0.001029,0.001954
2023-04-06,-0.001589,0.001575,0.001638
2023-04-10,0.002798,0.007662,0.002558
2023-04-11,0.002480,0.002188,-0.000010
2023-04-12,-0.003760,-0.003289,-0.000938
2023-04-13,0.011005,0.005493,0.008369
2023-04-14,-0.003791,-0.000108,0.002340
2023-04-17,-0.002037,0.002023,0.004725
2023-04-18,0.008689,0.001788,0.000631
2023-04-19,-0.005360,-0.003839,0.000122
2023-04-20,-0.006469,-0.008669,-0.006371
2023-04-21,-0.001693,0.004578,0.001196
2023-04-24,0.008007,0.004672,0.002813
2023-04-25,-0.010183,-0.011900,-0.009459
2023-04-26,-0.004431,0.000248,-0.003714
2023-04-27,0.012475,0.014045,0.016632
2023-04-28,0.010473,0.009126,0.009249
2023-05-01,0.001055,0.003949,0.000282
2023-05-02,-0.014498,-0.014252,-0.010970
2023-05-03,-0.011541,-0.005680,-0.006887
2023-05-04,-0.009684,-0.010419,-0.008928
2023-05-05,0.024122,0.022191,0.018014
2023-05-08,0.001130,0.001282,-0.000498
2023-05-09,-0.006763,-0.008010,-0.006833
2023-05-10,0.002553,0.004234,0.003714
2023-05-11,-0.006303,-0.008658,-0.006241
2023-05-12,0.001578,-0.001976,-0.001209
2023-05-15,0.000267,0.002490,0.000400
2023-05-16,-0.008837,-0.007629,-0.009468
2023-05-17,0.010827,0.017805,0.012596
2023-05-18,0.007741,0.013226,0.005324
2023-05-19,0.001279,-0.002934,-0.000274
2023-05-22,-0.008359,0.000208,-0.005637
2023-05-23,-0.009630,-0.007063,-0.007727
2023-05-24,0.001595,-0.004588,-0.006066
2023-05-25,0.022560,0.045899,0.014054
2023-05-26,0.005786,0.013077,0.009163
2023-05-30,0.000346,0.001342,-0.001128
2023-05-31,-0.009387,-0.013848,-0.007659
2023-06-01,0.019958,0.015788,0.008623
2023-06-02,0.013905,0.020007,0.015915
2023-06-05,-0.004513,-0.006130,-0.004080
2023-06-06,-0.005800,-0.000679,-0.000931
2023-06-07,-0.001723,0.001396,0.004654
2023-06-08,0.010949,0.006598,0.003988
2023-06-09,0.001456,0.002143,-0.000892
2023-06-12,0.004628,0.005419,0.002922
2023-06-13,0.011829,0.012364,0.009932
2023-06-14,-0.005417,0.008679,-0.000496
2023-06-15,0.007793,0.014868,0.011735
2023-06-16,-0.005892,-0.003189,-0.002596
2023-06-20,0.001778,-0.008332,-0.007365
2023-06-21,0.002023,-0.001646,-0.000388
2023-06-22,0.001991,0.000800,-0.001083
2023-06-23,-0.008837,-0.012323,-0.008992
2023-06-26,-0.003471,-0.003212,0.000041
2023-06-27,0.013314,0.013656,0.009480
2023-06-28,-0.004404,-0.000421,-0.001903
2023-06-29,0.003555,0.000322,0.007973
2023-06-30,0.015537,0.013728,0.010696
2023-07-03,0.000917,0.002238,0.001031
2023-07-05,-0.005905,-0.000673,-0.006229
2023-07-06,-0.012812,-0.007363,-0.009240
2023-07-07,-0.002261,-0.001802,-0.004405
2023-07-10,0.002990,-0.006789,0.000624
2023-07-11,0.005262,0.005000,0.004300
2023-07-12,0.005355,0.010802,0.006846
2023-07-13,0.006264,0.014289,0.005892
2023-07-14,0.006471,-0.003372,0.002130
2023-07-17,0.007746,-0.009782,0.001070
2023-07-18,0.012983,0.021021,0.008479
2023-07-19,0.003443,0.010603,0.003518
2023-07-20,-0.001639,-0.010073,0.006409
2023-07-21,-0.003720,-0.007773,0.000510
2023-07-24,0.006703,0.004756,0.007229
2023-07-25,0.007688,0.009863,0.004995
2023-07-26,-0.003648,-0.006547,-0.001929
2023-07-27,-0.001225,-0.008369,-0.012087
2023-07-28,0.004951,0.011793,0.005966
2023-07-31,0.008661,0.001179,0.001554
2023-08-01,0.009400,0.010215,0.002736
2023-08-02,-0.013853,-0.017442,-0.009964
2023-08-03,0.000379,-0.007325,-0.001470
2023-08-04,-0.007053,-0.005923,-0.009320
2023-08-07,0.009553,0.008087,0.008515
2023-08-08,-0.004892,-0.007169,-0.005260
2023-08-09,-0.007592,-0.008689,-0.005533
2023-08-10,-0.000284,0.001533,-0.000163
2023-08-11,-0.001028,-0.003556,0.002886
2023-08-14,0.013975,0.014979,0.004683
2023-08-15,-0.012113,-0.009064,-0.010919
2023-08-16,-0.008828,-0.005960,-0.006398
2023-08-17,-0.000827,-0.004315,-0.004277
2023-08-18,0.004606,-0.000137,0.001837
2023-08-21,0.011560,0.018105,0.002064
2023-08-22,-0.011332,-0.006941,-0.005367
2023-08-23,0.006875,0.012220,0.007227
2023-08-24,-0.005876,-0.007717,-0.006669
2023-08-25,0.002227,0.000227,0.005090
2023-08-28,0.008861,0.008639,0.006006
2023-08-29,0.014415,0.023260,0.013063
2023-08-30,0.005265,0.002329,0.002226
2023-08-31,-0.007690,0.000210,-0.004967
2023-09-01,0.002434,0.002542,0.001965
2023-09-05,-0.002877,-0.002276,-0.006853
2023-09-06,-0.005371,-0.005777,-0.006979
2023-09-07,-0.003627,-0.002451,-0.002003
2023-09-08,-0.000321,0.001529,0.000733
2023-09-11,-0.003140,0.002888,0.003733
2023-09-12,0.002465,0.000524,0.000686
2023-09-13,-0.002776,0.002701,0.000189
2023-09-14,0.012008,0.012144,0.012383
2023-09-15,-0.013535,-0.010602,-0.009708
2023-09-18,0.004127,0.002035,0.002882
2023-09-19,-0.006133,-0.003595,-0.002583
2023-09-20,-0.002819,-0.005298,-0.007116
2023-09-21,-0.012918,-0.008621,-0.014477
2023-09-22,0.006055,-0.000347,-0.000789
2023-09-25,0.005663,0.006906,0.003129
2023-09-26,-0.008247,-0.014749,-0.012029
2023-09-27,0.008644,0.003585,-0.000474
2023-09-28,0.006269,0.007411,0.004137
2023-09-29,-0.005454,-0.006649,-0.004643
2023-10-02,0.002734,-0.000774,-0.002815
2023-10-03,-0.010538,-0.009785,-0.009902
2023-10-04,-0.006077,0.003499,0.001580
2023-10-05,-0.007555,-0.003716,-0.004756
2023-10-06,0.009933,0.016229,0.009867
2023-10-09,0.009164,0.007132,0.006090
2023-10-10,0.004488,0.001995,0.005074
2023-10-11,-0.005339,0.000194,-0.001106
2023-10-12,-0.003082,-0.006139,-0.006330
2023-10-13,0.005059,-0.001507,0.001098
2023-10-16,0.005966,0.009752,0.008287
2023-10-17,-0.004865,-0.002370,-0.004488
2023-10-18,-0.017572,-0.017497,-0.014305
2023-10-19,-0.006728,-0.006548,-0.003991
2023-10-20,-0.009893,-0.006923,-0.007006
2023-10-23,-0.001478,-0.002884,-0.003360
2023-10-24,0.006334,0.005216,0.011715
2023-10-25,-0.008740,-0.001855,-0.007107
2023-10-26,-0.010799,-0.016314,-0.007340
2023-10-27,-0.010455,-0.010865,-0.012239
2023-10-30,0.013136,0.015316,0.017153
2023-10-31,-0.010095,-0.005408,0.002645
2023-11-01,0.006762,0.009498,0.009145
2023-11-02,0.016728,0.021789,0.017548
2023-11-03,0.004233,0.009163,0.007611
2023-11-06,0.000141,-0.003458,-0.000412
2023-11-07,-0.002673,-0.006270,-0.000581
2023-11-08,0.000255,0.000326,0.000681
2023-11-09,-0.001752,-0.007171,-0.004267
2023-11-10,0.012062,0.012846,0.013434
2023-11-13,0.004141,-0.000292,0.000345
2023-11-14,0.007339,0.021881,0.014729
2023-11-15,-0.004027,0.004702,0.000619
2023-11-16,0.003341,0.001894,0.004416
2023-11-17,0.002978,0.004135,0.001458
2023-11-20,0.003311,0.002777,0.004715
2023-11-21,0.003075,-0.001453,-0.000378
2023-11-22,-0.001709,-0.002081,0.001618
2023-11-24,0.002034,0.003722,0.001731
2023-11-27,-0.002813,-0.001891,-0.001743
2023-11-28,-0.002969,0.001741,0.001322
2023-11-29,-0.003501,0.003079,0.000100
2023-11-30,0.007268,0.008827,0.008079
2023-12-01,0.000340,0.011912,0.006869
2023-12-04,-0.008883,-0.001455,-0.004035
2023-12-05,0.000150,-0.003059,-0.002493
2023-12-06,-0.011138,-0.009967,-0.004919
2023-12-07,0.001198,0.002002,0.002612
2023-12-08,0.007550,0.006376,0.003752
2023-12-11,-0.001986,0.003435,0.001787
2023-12-12,0.011177,0.002776,0.005798
2023-12-13,-0.003301,0.016879,0.009419
2023-12-14,-0.000158,0.021805,0.011361
2023-12-15,-0.002025,-0.003393,-0.003097
2023-12-18,0.005687,0.005662,0.003155
2023-12-19,0.002232,0.004964,0.004907
2023-12-20,-0.018194,-0.020571,-0.015191
2023-12-21,0.009000,0.008835,0.006405
2023-12-22,0.001543,0.002858,0.002214
2023-12-26,0.002199,0.006339,0.004332
2023-12-27,0.001323,0.001998,0.002504
2023-12-28,-0.001977,-0.000004,0.000839
2023-12-29,0.000994,-0.002939,-0.000230
2024-01-02,0.000931,0.006296,0.004169
2024-01-03,-0.004370,-0.009505,-0.006856
2024-01-04,0.001616,0.001525,0.000502
2024-01-05,0.003751,0.003063,0.002734
2024-01-08,0.011296,0.012994,0.008806
2024-01-09,0.001039,-0.000484,-0.001969
2024-01-10,0.003667,0.002855,0.003463
2024-01-11,0.002205,-0.001876,-0.003910
2024-01-12,-0.003399,-0.005239,0.000757
2024-01-16,-0.001738,-0.002612,-0.003631
2024-01-17,-0.004763,-0.006161,-0.005805
2024-01-18,0.002981,-0.000066,0.004605
2024-01-19,0.006418,0.008915,0.007682
2024-01-22,0.004839,0.005512,0.003816
2024-01-23,0.005116,0.002064,0.007572
2024-01-24,0.005868,0.002020,-0.003559
2024-01-25,0.004177,0.001394,0.008708
2024-01-26,0.003200,0.003109,-0.000129
2024-01-29,0.008934,0.008302,0.005030
2024-01-30,0.005476,0.004962,0.004363
2024-01-31,-0.010118,-0.006864,-0.009246
2024-02-01,0.008976,0.009294,0.007417
2024-02-02,0.008909,0.005314,0.003359
2024-02-05,0.003846,-0.003523,-0.003361
2024-02-06,0.005210,0.005929,0.007016
2024-02-07,0.009401,0.002672,0.003557
2024-02-08,0.000746,0.001213,-0.001695
2024-02-09,0.001104,0.002896,0.001688
2024-02-12,0.003595,0.003488,0.003952
2024-02-13,-0.005811,-0.005748,-0.011379
2024-02-14,0.004316,0.002631,0.002813
2024-02-15,0.008267,0.009032,0.011075
2024-02-16,0.000977,0.000246,-0.001356
2024-02-20,-0.007216,-0.007483,-0.001898
2024-02-21,0.002493,0.001927,0.004984
2024-02-22,0.034153,0.025151,0.016825
2024-02-23,0.000031,-0.000058,0.000274
2024-02-26,-0.001364,-0.006338,-0.004879
2024-02-27,-0.007278,-0.004915,-0.001583
2024-02-28,-0.005767,-0.003514,0.000899
2024-02-29,0.000538,-0.001612,0.001186
2024-03-01,0.008577,0.005612,0.003622
2024-03-04,0.005200,-0.001531,0.000638
2024-03-05,0.002787,-0.009221,-0.005086
2024-03-06,0.009653,0.002618,0.003707
2024-03-07,0.014227,0.008951,0.005607
2024-03-08,-0.011160,-0.007221,-0.002984
2024-03-11,0.006538,0.006087,0.003747
2024-03-12,0.014009,0.012720,0.008669
2024-03-13,0.002166,-0.001910,0.001686
2024-03-14,-0.004135,-0.005396,-0.004965
2024-03-15,-0.002699,-0.000307,-0.002327
2024-03-18,0.000811,0.004278,0.001678
2024-03-19,0.006903,0.008767,0.005989
2024-03-20,0.002711,0.007964,0.006894
2024-03-21,0.001831,0.000124,0.004792
2024-03-22,0.006139,0.001440,-0.002205
2024-03-25,-0.000442,-0.000407,-0.003805
2024-03-26,-0.003561,-0.003452,-0.001012
2024-03-27,-0.000566,0.008676,0.011307
2024-03-28,0.001801,0.002365,0.002431
2024-04-01,-0.002898,-0.003722,-0.005102
2024-04-02,-0.006998,-0.017138,-0.007476
2024-04-03,-0.005070,0.006355,-0.001105
2024-04-04,-0.011485,-0.014441,-0.010728
2024-04-05,0.012843,0.013642,0.008107
2024-04-08,-0.005359,-0.007019,-0.002691
2024-04-09,-0.002590,-0.001454,-0.000007
2024-04-10,0.000084,-0.003941,-0.010123
2024-04-11,0.004781,0.014205,0.003100
2024-04-12,-0.012873,-0.011028,-0.014473
2024-04-15,-0.006063,-0.010343,-0.004606
2024-04-16,0.008026,0.007397,-0.002877
2024-04-17,-0.003722,-0.007202,-0.005451
2024-04-18,0.006211,0.003277,0.002109
2024-04-19,-0.015291,-0.023213,-0.001781
2024-04-22,0.011357,0.006198,0.006247
2024-04-23,0.008040,0.013216,0.009485
2024-04-24,-0.004609,-0.003243,-0.001791
2024-04-25,0.006254,-0.007873,-0.004680
2024-04-26,0.005684,0.018430,0.006025
2024-04-29,0.003405,0.004823,0.005202
2024-04-30,-0.008750,-0.023778,-0.014648
2024-05-01,-0.010903,0.000071,-0.000179
2024-05-02,0.000364,0.015096,0.003949
2024-05-03,0.009214,0.017913,0.010435
2024-05-06,0.010950,0.004889,0.006119
2024-05-07,-0.000075,0.006660,0.003405
2024-05-08,-0.001271,-0.002298,0.001452
2024-05-09,0.003214,0.011460,0.008770
2024-05-10,0.006110,0.002838,0.004947
2024-05-13,0.000967,0.004382,0.002609
2024-05-14,0.001241,0.005180,0.003379
2024-05-15,0.009553,0.012322,0.009291
2024-05-16,-0.000608,-0.003654,-0.000050
2024-05-17,-0.000272,0.003806,0.002331
2024-05-20,0.001678,0.006806,-0.002732
2024-05-21,0.003106,-0.000826,0.002590
2024-05-22,-0.005926,-0.004283,-0.004305
2024-05-23,0.007403,-0.013498,-0.007734
2024-05-24,0.004810,-0.000123,0.002642
2024-05-28,0.010167,-0.000252,-0.000094
2024-05-29,-0.006419,-0.008866,-0.007724
2024-05-30,-0.003868,-0.001350,0.001938
2024-05-31,0.012142,0.009732,0.012359
2024-06-03,0.004390,-0.001871,-0.001446
2024-06-04,0.006007,0.003874,0.004862
2024-06-05,0.010750,0.015802,0.005421
2024-06-06,0.002290,-0.000877,-0.000016
2024-06-07,-0.006278,-0.000068,-0.001829
2024-06-10,0.001849,0.004497,0.000317
2024-06-11,-0.001899,0.001251,0.001185
2024-06-12,-0.000329,0.012658,0.001180
2024-06-13,0.008896,0.006814,0.003981
2024-06-14,0.001568,-0.000283,-0.001241
2024-06-17,-0.001268,0.002787,0.003428
2024-06-18,0.008844,0.005800,0.003868
2024-06-20,-0.004268,-0.005401,0.000069
2024-06-21,-0.005781,-0.004901,-0.003585
2024-06-24,-0.002922,-0.008411,0.005975
2024-06-25,0.010224,0.008728,-0.000516
2024-06-26,0.001298,0.000669,0.000857
2024-06-27,-0.003638,-0.001130,-0.001165
2024-06-28,-0.000639,0.001746,0.004072
2024-07-01,-0.007598,0.002493,0.000719
2024-07-02,-0.002376,-0.004156,0.002462
2024-07-03,0.010038,0.011769,0.003947
2024-07-05,-0.003467,-0.002264,0.000898
2024-07-08,0.001100,0.001201,0.000674
2024-07-09,-0.000020,0.000330,0.000592
2024-07-10,0.011315,0.014722,0.012549
2024-07-11,-0.008849,-0.012902,-0.002807
2024-07-12,0.008840,0.005994,0.004947
2024-07-15,0.000484,0.005266,0.005621
2024-07-16,0.012052,0.007710,0.014301
2024-07-17,-0.001550,-0.008203,0.004313
2024-07-18,0.003848,0.002173,-0.007585
2024-07-19,-0.010313,-0.015792,-0.006728
2024-07-22,0.006239,0.009311,0.001062
2024-07-23,-0.007038,-0.007292,-0.003275
2024-07-24,-0.008273,-0.019035,-0.009083
2024-07-25,0.001224,0.003350,-0.002865
2024-07-26,0.010441,0.010293,0.011206
2024-07-29,-0.005918,-0.009416,-0.004870
2024-07-30,-0.017508,-0.012368,-0.000073
2024-07-31,0.022057,0.021300,0.008166
2024-08-01,-0.017509,-0.012041,-0.007072
2024-08-02,0.003819,-0.001636,-0.006849
2024-08-05,-0.030093,-0.034763,-0.028083
2024-08-06,0.009234,0.002139,0.008439
2024-08-07,-0.007285,-0.004653,-0.002175
2024-08-08,0.020676,0.019096,0.016166
2024-08-09,-0.001009,0.004943,0.002274
2024-08-12,0.007124,0.005883,-0.001054
2024-08-13,0.016015,0.013245,0.011071
2024-08-14,0.007682,0.005928,0.006207
2024-08-15,0.011960,0.011928,0.007060
2024-08-16,0.002149,0.002872,0.002424
2024-08-19,0.009632,0.008523,0.006113
2024-08-20,-0.009082,-0.003740,-0.002754
2024-08-21,0.000379,0.002678,0.001725
2024-08-22,-0.006602,-0.009957,-0.002938
2024-08-23,0.016836,0.014356,0.012853
2024-08-26,0.005000,-0.000558,0.003310
2024-08-27,0.002804,0.002423,0.002131
2024-08-28,-0.006011,-0.006483,-0.004389
2024-08-29,-0.007185,-0.002411,0.000418
2024-08-30,0.005655,0.005866,0.007882
2024-09-03,-0.022226,-0.011989,-0.014959
2024-09-04,-0.005362,-0.002626,-0.004541
2024-09-05,-0.007275,-0.006674,-0.006917
2024-09-06,-0.010178,-0.014055,-0.011544
2024-09-09,0.014066,0.011403,0.015342
2024-09-10,-0.002470,0.005015,-0.003079
2024-09-11,0.007012,0.007789,0.004619
2024-09-12,0.007464,0.003407,0.004096
2024-09-13,0.005301,0.002896,0.004092
2024-09-16,0.003154,-0.000269,0.004465
2024-09-17,-0.003152,-0.000293,-0.001750
2024-09-18,-0.003810,-0.004043,-0.004563
2024-09-19,0.008612,0.012590,0.012840
2024-09-20,-0.001091,-0.001661,-0.002782
2024-09-23,0.004147,-0.000619,0.001722
2024-09-24,0.009704,0.000970,0.005581
2024-09-25,-0.001543,-0.001320,-0.004139
2024-09-26,0.000572,0.003692,0.003422
2024-09-27,0.004347,-0.001386,0.002153
2024-09-30,0.003153,0.004271,0.002605
2024-10-01,-0.003341,-0.006071,-0.007403
2024-10-02,0.006286,-0.002419,0.000667
2024-10-03,0.005006,-0.007076,-0.004133
2024-10-04,0.007136,0.005812,0.005841
2024-10-07,-0.000656,-0.005828,-0.006471
2024-10-08,-0.000789,0.003212,0.003750
2024-10-09,0.007181,0.014195,0.009159
2024-10-10,0.005758,-0.000819,0.000068
2024-10-11,0.004914,0.010979,0.009477
2024-10-14,0.007481,0.000532,0.006187
2024-10-15,-0.030927,0.001353,-0.007875
2024-10-16,0.013095,0.005457,0.009332
2024-10-17,-0.001869,0.002276,-0.002233
2024-10-18,0.003307,0.004218,0.003588
2024-10-21,0.004230,-0.005682,-0.005130
2024-10-22,-0.000267,0.001586,-0.001055
2024-10-23,-0.013177,-0.005285,-0.003986
2024-10-24,-0.002578,-0.012935,-0.006125
2024-10-25,0.000188,-0.004931,-0.005706
2024-10-28,-0.000638,0.003459,0.003471
2024-10-29,-0.008294,-0.004054,-0.005955
2024-10-30,-0.006143,-0.006220,-0.003391
2024-10-31,-0.012677,-0.015343,-0.014173
2024-11-01,0.001753,0.004390,0.001608
2024-11-04,0.005178,-0.002588,-0.003145
2024-11-05,0.011873,0.002092,0.008925
2024-11-06,0.020104,0.007158,0.028555
2024-11-07,0.003659,0.003516,-0.000639
2024-11-08,-0.002924,0.000664,0.000520
2024-11-11,-0.005555,-0.001973,-0.000528
2024-11-12,0.000849,0.002865,-0.000392
2024-11-13,-0.004188,0.007017,0.002592
2024-11-14,-0.000525,-0.007976,-0.003816
2024-11-15,-0.009992,-0.006788,-0.004199
2024-11-18,0.000793,0.003476,0.002266
2024-11-19,0.006883,-0.001767,-0.001523
2024-11-20,0.003607,0.000937,0.003317
2024-11-21,0.011892,0.004285,0.007803
2024-11-22,0.001074,0.006657,0.005451
2024-11-25,-0.004117,0.007904,0.005104
2024-11-26,0.001575,-0.000698,0.002509
2024-11-27,-0.005058,0.002123,-0.001257
2024-11-29,0.006329,0.003095,0.004068
2024-12-02,-0.002280,-0.003164,-0.002913
2024-12-03,-0.005324,-0.002680,-0.003102
2024-12-04,0.000319,-0.000965,-0.002846
2024-12-05,-0.005020,-0.007338,-0.005541
2024-12-06,-0.013686,-0.004404,-0.007000
2024-12-09,-0.005815,0.001448,-0.000367
2024-12-10,-0.008699,-0.010213,-0.003841
2024-12-11,-0.002928,-0.002444,-0.004550
2024-12-12,-0.009769,-0.004937,-0.004426
2024-12-13,-0.006164,-0.005888,-0.003978
2024-12-16,-0.013480,-0.010876,-0.007861
2024-12-17,-0.008100,0.003038,-0.002947
2024-12-18,-0.012058,-0.023547,-0.020027
2024-12-19,-0.002893,-0.007359,-0.003536
2024-12-20,0.011698,0.012073,0.011111
2024-12-23,0.009025,0.003735,0.004251
2024-12-24,0.004176,0.006213,0.006811
2024-12-26,0.001879,0.000636,0.002920
2024-12-27,-0.006889,-0.008275,-0.007764
2024-12-30,-0.005709,-0.007177,-0.007969
